Job_Title,Salary,Salary_Type,Location,Website,Scrape Date
911-dispatcher,"33,769",Annually,US,Zengig,30-11-2023
911-operator,"33,501",Annually,US,Zengig,30-11-2023
account-executive,"57,356",Annually,US,Zengig,30-11-2023
account-manager,"42,076",Annually,US,Zengig,30-11-2023
accountant,"56,987",Annually,US,Zengig,30-11-2023
accounting-assistant,"37,719",Annually,US,Zengig,30-11-2023
accounting-clerk,"32,823",Annually,US,Zengig,30-11-2023
accounting-director,"89,962",Annually,US,Zengig,30-11-2023
accounting-instructor,"61,178",Annually,US,Zengig,30-11-2023
accounting-manager,"79,774",Annually,US,Zengig,30-11-2023
accounts-payable-assistant,"31,375",Annually,US,Zengig,30-11-2023
accounts-payable-clerk,"34,238",Annually,US,Zengig,30-11-2023
accounts-payable-manager,"54,696",Annually,US,Zengig,30-11-2023
accounts-payable-specialist,"44,871",Annually,US,Zengig,30-11-2023
accounts-receivable-clerk,"33,180",Annually,US,Zengig,30-11-2023
accounts-receivable-specialist,"35,719",Annually,US,Zengig,30-11-2023
acquisition-specialist,"53,185",Annually,US,Zengig,30-11-2023
actor,"40,200",Annually,US,Zengig,30-11-2023
actuary,"87,964",Annually,US,Zengig,30-11-2023
adjunct-professor,"67,349",Annually,US,Zengig,30-11-2023
administrative-assistant,"36,255",Annually,US,Zengig,30-11-2023
admissions-advisor,"39,807",Annually,US,Zengig,30-11-2023
admissions-coordinator,"37,020",Annually,US,Zengig,30-11-2023
admissions-manager,"51,696",Annually,US,Zengig,30-11-2023
admissions-representative,"37,417",Annually,US,Zengig,30-11-2023
advertising-assistant,"33,569",Annually,US,Zengig,30-11-2023
advertising-sales-representative,"42,844",Annually,US,Zengig,30-11-2023
aerospace-engineer,"78,040",Annually,US,Zengig,30-11-2023
aesthetician,"37,723",Annually,US,Zengig,30-11-2023
ai-engineer,"1,01,500",Annually,US,Zengig,30-11-2023
air-traffic-controller,"53,266",Annually,US,Zengig,30-11-2023
aircraft-electrician,"61,164",Annually,US,Zengig,30-11-2023
aircraft-inspector,"63,200",Annually,US,Zengig,30-11-2023
aircraft-mechanic,"55,011",Annually,US,Zengig,30-11-2023
aircraft-painter,"46,847",Annually,US,Zengig,30-11-2023
airline-pilot,"1,10,814",Annually,US,Zengig,30-11-2023
airplane-mechanic,"54,444",Annually,US,Zengig,30-11-2023
amazon-area-manager,"54,497",Annually,US,Zengig,30-11-2023
amazon-delivery-driver,"35,223",Annually,US,Zengig,30-11-2023
amazon-operations-manager,"77,050",Annually,US,Zengig,30-11-2023
analog-design-engineer,"85,376",Annually,US,Zengig,30-11-2023
anesthesiologist,"1,85,407",Annually,US,Zengig,30-11-2023
anesthesiologist-assistant,"90,959",Annually,US,Zengig,30-11-2023
animator,"53,488",Annually,US,Zengig,30-11-2023
antenna-engineer,"78,439",Annually,US,Zengig,30-11-2023
applications-architect,"94,349",Annually,US,Zengig,30-11-2023
appraiser,"52,021",Annually,US,Zengig,30-11-2023
archaeologist,"52,251",Annually,US,Zengig,30-11-2023
architect,"70,990",Annually,US,Zengig,30-11-2023
architectural-designer,"74,450",Annually,US,Zengig,30-11-2023
architectural-project-manager,"75,240",Annually,US,Zengig,30-11-2023
art-director,"76,618",Annually,US,Zengig,30-11-2023
art-instructor,"40,218",Annually,US,Zengig,30-11-2023
art-therapist,"56,134",Annually,US,Zengig,30-11-2023
artist,"49,028",Annually,US,Zengig,30-11-2023
asic-cerification-engineer,"86,184",Annually,US,Zengig,30-11-2023
assembler,"29,800",Annually,US,Zengig,30-11-2023
assembly-technician,"32,433",Annually,US,Zengig,30-11-2023
asset-management-analyst,"56,691",Annually,US,Zengig,30-11-2023
assistant-art-director,"46,248",Annually,US,Zengig,30-11-2023
assistant-athletic-director,"48,966",Annually,US,Zengig,30-11-2023
assistant-brand-manager,"54,242",Annually,US,Zengig,30-11-2023
assistant-construction-superintendent,"52,704",Annually,US,Zengig,30-11-2023
assistant-controller,"70,375",Annually,US,Zengig,30-11-2023
assistant-director-of-nursing,"78,726",Annually,US,Zengig,30-11-2023
assistant-food-and-beverage-manager,"40,600",Annually,US,Zengig,30-11-2023
assistant-professor,"67,081",Annually,US,Zengig,30-11-2023
astronomer,"97,107",Annually,US,Zengig,30-11-2023
athletic-trainer,"41,834",Annually,US,Zengig,30-11-2023
attorney,"88,700",Annually,US,Zengig,30-11-2023
audio-engineer,"48,483",Annually,US,Zengig,30-11-2023
audiologist,"72,455",Annually,US,Zengig,30-11-2023
auditor,"76,629",Annually,US,Zengig,30-11-2023
autocad-designer,"53,793",Annually,US,Zengig,30-11-2023
automotive-technician,"42,556",Annually,US,Zengig,30-11-2023
aviation-engine-mechanic,"61,385",Annually,US,Zengig,30-11-2023
aviation-service-technician,"49,265",Annually,US,Zengig,30-11-2023
avionics-technician,"54,005",Annually,US,Zengig,30-11-2023
aws-cloud-practitioner,"85,141",Annually,US,Zengig,30-11-2023
aws-solutions-architect,"99,962",Annually,US,Zengig,30-11-2023
back-end-developer,"89,779",Annually,US,Zengig,30-11-2023
backend-developer,"89,779",Annually,US,Zengig,30-11-2023
bank-teller,"26,552",Annually,US,Zengig,30-11-2023
bankruptcy-attorney,"81,696",Annually,US,Zengig,30-11-2023
bartender,"25,263",Annually,US,Zengig,30-11-2023
bcba,"61,664",Annually,US,Zengig,30-11-2023
behavior-analyst,"62,548",Annually,US,Zengig,30-11-2023
behavior-technician,"32,748",Annually,US,Zengig,30-11-2023
benefits-administrator,"55,271",Annually,US,Zengig,30-11-2023
benefits-analyst,"52,477",Annually,US,Zengig,30-11-2023
benefits-specialist,"45,130",Annually,US,Zengig,30-11-2023
bi-analyst,"86,559",Annually,US,Zengig,30-11-2023
bi-developer,"82,595",Annually,US,Zengig,30-11-2023
big-data-engineer,"88,596",Annually,US,Zengig,30-11-2023
billing-specialist,"37,760",Annually,US,Zengig,30-11-2023
bim-modeler,"57,822",Annually,US,Zengig,30-11-2023
biochemist,"86,958",Annually,US,Zengig,30-11-2023
biologist,"69,269",Annually,US,Zengig,30-11-2023
biomedical-engineer,"87,661",Annually,US,Zengig,30-11-2023
biostatistician,"85,161",Annually,US,Zengig,30-11-2023
blockchain-developer,"84,423",Annually,US,Zengig,30-11-2023
bookkeeper,"36,048",Annually,US,Zengig,30-11-2023
brand-ambassador,"35,690",Annually,US,Zengig,30-11-2023
brand-manager,"72,341",Annually,US,Zengig,30-11-2023
budget-manager,"72,899",Annually,US,Zengig,30-11-2023
bus-driver,"30,382",Annually,US,Zengig,30-11-2023
business-analyst,"72,772",Annually,US,Zengig,30-11-2023
business-development-manager,"70,958",Annually,US,Zengig,30-11-2023
business-intelligence-analyst,"86,559",Annually,US,Zengig,30-11-2023
business-systems-analyst,"79,994",Annually,US,Zengig,30-11-2023
c++-developer,"97,200",Annually,US,Zengig,30-11-2023
cable-installation-technician,"41,605",Annually,US,Zengig,30-11-2023
cable-installer,"41,605",Annually,US,Zengig,30-11-2023
cad-designer,"43,366",Annually,US,Zengig,30-11-2023
cad-drafter,"43,066",Annually,US,Zengig,30-11-2023
call-center-data-entry-specialist,"31,280",Annually,US,Zengig,30-11-2023
call-center-manager,"63,610",Annually,US,Zengig,30-11-2023
call-center-operations-manager,"48,462",Annually,US,Zengig,30-11-2023
call-center-representative,"30,492",Annually,US,Zengig,30-11-2023
car-salesman,"48,469",Annually,US,Zengig,30-11-2023
cardiac-sonographer,"67,547",Annually,US,Zengig,30-11-2023
cardiologist,"2,89,956",Annually,US,Zengig,30-11-2023
cardiothoracic-surgeon,"3,11,669",Annually,US,Zengig,30-11-2023
caregiver,"27,700",Annually,US,Zengig,30-11-2023
carpenter,"40,995",Annually,US,Zengig,30-11-2023
case-manager,"36,323",Annually,US,Zengig,30-11-2023
certified-medical-assistant,"30,085",Annually,US,Zengig,30-11-2023
certified-nursing-assistant,"37,569",Annually,US,Zengig,30-11-2023
certified-public-accountant,"78,620",Annually,US,Zengig,30-11-2023
certified-registered-nurse-anesthetist,"1,01,720",Annually,US,Zengig,30-11-2023
certified-respiratory-therapist,"57,078",Annually,US,Zengig,30-11-2023
chef,"40,046",Annually,US,Zengig,30-11-2023
chemical-engineer,"90,294",Annually,US,Zengig,30-11-2023
chemist,"50,496",Annually,US,Zengig,30-11-2023
chief-executive-officer,"1,07,469",Annually,US,Zengig,30-11-2023
chief-financial-officer,"1,33,496",Annually,US,Zengig,30-11-2023
chief-human-resources-officer,"1,25,225",Annually,US,Zengig,30-11-2023
chief-information-officer,"1,47,644",Annually,US,Zengig,30-11-2023
chief-information-security-officer,"1,29,378",Annually,US,Zengig,30-11-2023
chief-marketing-officer,"1,09,428",Annually,US,Zengig,30-11-2023
chief-of-staff,"85,750",Annually,US,Zengig,30-11-2023
chief-operating-officer,"1,56,701",Annually,US,Zengig,30-11-2023
chief-technology-officer,"1,26,570",Annually,US,Zengig,30-11-2023
child-life-specialist,"40,013",Annually,US,Zengig,30-11-2023
chiropractor,"65,188",Annually,US,Zengig,30-11-2023
civil-engineer,"92,349",Annually,US,Zengig,30-11-2023
claims-adjuster,"41,530",Annually,US,Zengig,30-11-2023
claims-examiner,"49,849",Annually,US,Zengig,30-11-2023
clinical-data-manager,"73,607",Annually,US,Zengig,30-11-2023
clinical-psychologist,"76,440",Annually,US,Zengig,30-11-2023
clinical-research-associate,"67,082",Annually,US,Zengig,30-11-2023
cloud-architect,"96,692",Annually,US,Zengig,30-11-2023
cloud-engineer,"94,462",Annually,US,Zengig,30-11-2023
cna,"37,569",Annually,US,Zengig,30-11-2023
cnc-machinist,"39,917",Annually,US,Zengig,30-11-2023
collections-manager,"56,228",Annually,US,Zengig,30-11-2023
collections-representative,"37,416",Annually,US,Zengig,30-11-2023
collections-specialist,"37,416",Annually,US,Zengig,30-11-2023
college-professor,"69,781",Annually,US,Zengig,30-11-2023
commercial-pilot,"99,296",Annually,US,Zengig,30-11-2023
communications-director,"79,480",Annually,US,Zengig,30-11-2023
communications-technician,"47,979",Annually,US,Zengig,30-11-2023
community-manager,"42,477",Annually,US,Zengig,30-11-2023
community-relations-coordinator,"43,066",Annually,US,Zengig,30-11-2023
compensation-analyst,"62,379",Annually,US,Zengig,30-11-2023
composite-mechanic,"43,853",Annually,US,Zengig,30-11-2023
computer-analyst,"73,719",Annually,US,Zengig,30-11-2023
computer-engineer,"76,438",Annually,US,Zengig,30-11-2023
computer-programmer,"75,671",Annually,US,Zengig,30-11-2023
computer-scientist,"85,250",Annually,US,Zengig,30-11-2023
computer-support-specialist,"38,601",Annually,US,Zengig,30-11-2023
concierge,"28,355",Annually,US,Zengig,30-11-2023
construction-foreman,"56,651",Annually,US,Zengig,30-11-2023
construction-manager,"70,802",Annually,US,Zengig,30-11-2023
construction-project-captain,"61,545",Annually,US,Zengig,30-11-2023
construction-project-manager,"78,062",Annually,US,Zengig,30-11-2023
construction-scheduler,"55,641",Annually,US,Zengig,30-11-2023
construction-superintendent,"80,358",Annually,US,Zengig,30-11-2023
construction-vice-president,"1,08,771",Annually,US,Zengig,30-11-2023
construction-worker,"34,261",Annually,US,Zengig,30-11-2023
consultant,"64,604",Annually,US,Zengig,30-11-2023
content-manager,"57,084",Annually,US,Zengig,30-11-2023
contract-administrator,"58,159",Annually,US,Zengig,30-11-2023
contract-attorney,"87,104",Annually,US,Zengig,30-11-2023
contract-negotiator,"66,605",Annually,US,Zengig,30-11-2023
controller,"98,213",Annually,US,Zengig,30-11-2023
copywriter,"57,718",Annually,US,Zengig,30-11-2023
coroner,"56,959",Annually,US,Zengig,30-11-2023
corporate-counsel,"1,02,498",Annually,US,Zengig,30-11-2023
corporate-lawyer,"1,02,498",Annually,US,Zengig,30-11-2023
corporate-recruiter,"63,782",Annually,US,Zengig,30-11-2023
correctional-officer,"33,954",Annually,US,Zengig,30-11-2023
cosmetologist,"35,035",Annually,US,Zengig,30-11-2023
cost-accountant,"57,427",Annually,US,Zengig,30-11-2023
cost-estimator,"61,143",Annually,US,Zengig,30-11-2023
counselor,"47,341",Annually,US,Zengig,30-11-2023
court-reporter,"54,999",Annually,US,Zengig,30-11-2023
cpa,"68,128",Annually,US,Zengig,30-11-2023
crane-operator,"41,702",Annually,US,Zengig,30-11-2023
creative-director,"89,270",Annually,US,Zengig,30-11-2023
credentialing-specialist,"36,123",Annually,US,Zengig,30-11-2023
credit-analyst,"59,256",Annually,US,Zengig,30-11-2023
credit-specialist,"56,203",Annually,US,Zengig,30-11-2023
crime-scene-cleaner,"26,986",Annually,US,Zengig,30-11-2023
crime-scene-investigator,"43,313",Annually,US,Zengig,30-11-2023
crm-specialist,"66,256",Annually,US,Zengig,30-11-2023
crna,"1,01,720",Annually,US,Zengig,30-11-2023
customer-service-director,"81,543",Annually,US,Zengig,30-11-2023
customer-service-manager,"55,546",Annually,US,Zengig,30-11-2023
customer-service-representative,"30,827",Annually,US,Zengig,30-11-2023
customer-success-manager,"56,497",Annually,US,Zengig,30-11-2023
cyber-security-analyst,"86,311",Annually,US,Zengig,30-11-2023
data-analyst,"71,772",Annually,US,Zengig,30-11-2023
data-architect,"1,02,741",Annually,US,Zengig,30-11-2023
data-engineer,"90,264",Annually,US,Zengig,30-11-2023
data-entry-clerk,"29,305",Annually,US,Zengig,30-11-2023
data-scientist,"1,01,514",Annually,US,Zengig,30-11-2023
database-administrator,"88,567",Annually,US,Zengig,30-11-2023
database-architect,"95,670",Annually,US,Zengig,30-11-2023
database-developer,"94,240",Annually,US,Zengig,30-11-2023
delivery-driver,"36,363",Annually,US,Zengig,30-11-2023
dental-assistant,"35,504",Annually,US,Zengig,30-11-2023
dental-hygienist,"62,130",Annually,US,Zengig,30-11-2023
dentist,"1,16,585",Annually,US,Zengig,30-11-2023
dermatologist,"1,73,006",Annually,US,Zengig,30-11-2023
desktop-support-technician,"56,582",Annually,US,Zengig,30-11-2023
detective,"67,479",Annually,US,Zengig,30-11-2023
devops-developer,"98,850",Annually,US,Zengig,30-11-2023
devops-engineer,"99,390",Annually,US,Zengig,30-11-2023
diagnostic-medical-sonographer,"69,810",Annually,US,Zengig,30-11-2023
dialer-administrator,"43,390",Annually,US,Zengig,30-11-2023
dialysis-technician,"38,042",Annually,US,Zengig,30-11-2023
diesel-mechanic,"40,899",Annually,US,Zengig,30-11-2023
dietary-aide,"25,152",Annually,US,Zengig,30-11-2023
dietitian,"49,224",Annually,US,Zengig,30-11-2023
digital-marketing-analyst,"54,440",Annually,US,Zengig,30-11-2023
digital-marketing-director,"90,603",Annually,US,Zengig,30-11-2023
digital-marketing-manager,"77,649",Annually,US,Zengig,30-11-2023
director-of-admissions,"61,038",Annually,US,Zengig,30-11-2023
director-of-housekeeping,"50,678",Annually,US,Zengig,30-11-2023
director-of-operations,"76,450",Annually,US,Zengig,30-11-2023
dispatcher,"36,316",Annually,US,Zengig,30-11-2023
district-attorney,"63,229",Annually,US,Zengig,30-11-2023
dnp,"94,637",Annually,US,Zengig,30-11-2023
doctor-of-physical-therapy,"75,015",Annually,US,Zengig,30-11-2023
document-control-specialist,"51,005",Annually,US,Zengig,30-11-2023
doula,"29,080",Annually,US,Zengig,30-11-2023
drilling-manager,"98,960",Annually,US,Zengig,30-11-2023
drone-pilot,"57,351",Annually,US,Zengig,30-11-2023
drupal-developer,"83,060",Annually,US,Zengig,30-11-2023
e-discovery-specialist,"59,504",Annually,US,Zengig,30-11-2023
editor-in-chief,"1,12,781",Annually,US,Zengig,30-11-2023
ekg-technician,"39,015",Annually,US,Zengig,30-11-2023
electrical-engineer,"78,977",Annually,US,Zengig,30-11-2023
electrical-power-engineer,"82,000",Annually,US,Zengig,30-11-2023
electrician,"49,043",Annually,US,Zengig,30-11-2023
electro-mechanical-technician,"56,676",Annually,US,Zengig,30-11-2023
electronics-technician,"48,406",Annually,US,Zengig,30-11-2023
elementary-school-teacher,"32,759",Annually,US,Zengig,30-11-2023
elevator-mechanic,"74,250",Annually,US,Zengig,30-11-2023
email-marketing-manager,"64,387",Annually,US,Zengig,30-11-2023
email-marketing-specialist,"48,754",Annually,US,Zengig,30-11-2023
emergency-medical-technician-(emt),"31,071",Annually,US,Zengig,30-11-2023
emt,"31,071",Annually,US,Zengig,30-11-2023
energy-attorney,"1,03,810",Annually,US,Zengig,30-11-2023
energy-consultant,"78,980",Annually,US,Zengig,30-11-2023
energy-trading-manager,"92,350",Annually,US,Zengig,30-11-2023
engineer,"74,259",Annually,US,Zengig,30-11-2023
engineering-manager,"1,17,884",Annually,US,Zengig,30-11-2023
enrollment-specialist,"32,933",Annually,US,Zengig,30-11-2023
enterprise-architect,"1,02,944",Annually,US,Zengig,30-11-2023
enterprise-software-sales-representative,"71,345",Annually,US,Zengig,30-11-2023
environmental-engineer,"85,400",Annually,US,Zengig,30-11-2023
environmental-field-technician,"35,409",Annually,US,Zengig,30-11-2023
environmental-scientist,"66,717",Annually,US,Zengig,30-11-2023
epidemiologist,"80,284",Annually,US,Zengig,30-11-2023
er-doctor,"1,51,242",Annually,US,Zengig,30-11-2023
er-nurse,"78,884",Annually,US,Zengig,30-11-2023
estate-planning-attorney,"89,421",Annually,US,Zengig,30-11-2023
esthetician,"34,649",Annually,US,Zengig,30-11-2023
etl-developer,"78,970",Annually,US,Zengig,30-11-2023
event-coordinator,"29,389",Annually,US,Zengig,30-11-2023
event-planner,"38,814",Annually,US,Zengig,30-11-2023
executive-assistant,"55,844",Annually,US,Zengig,30-11-2023
exercise-physiologist,"43,554",Annually,US,Zengig,30-11-2023
facilities-manager,"55,800",Annually,US,Zengig,30-11-2023
family-law-attorney,"75,527",Annually,US,Zengig,30-11-2023
family-nurse-practitioner,"83,747",Annually,US,Zengig,30-11-2023
fashion-designer,"63,269",Annually,US,Zengig,30-11-2023
fbi-agent,"67,203",Annually,US,Zengig,30-11-2023
fedex-driver,"52,532",Annually,US,Zengig,30-11-2023
field-service-technician,"39,980",Annually,US,Zengig,30-11-2023
file-clerk,"28,688",Annually,US,Zengig,30-11-2023
finance-director,"94,168",Annually,US,Zengig,30-11-2023
finance-manager,"59,222",Annually,US,Zengig,30-11-2023
financial-advisor,"66,298",Annually,US,Zengig,30-11-2023
financial-aid-specialist,"35,217",Annually,US,Zengig,30-11-2023
financial-analyst,"63,178",Annually,US,Zengig,30-11-2023
financial-examiner,"68,720",Annually,US,Zengig,30-11-2023
financial-manager,"87,180",Annually,US,Zengig,30-11-2023
firefighter,"56,245",Annually,US,Zengig,30-11-2023
fitness-center-manager,"40,234",Annually,US,Zengig,30-11-2023
flight-attendant,"40,360",Annually,US,Zengig,30-11-2023
flight-nurse,"73,474",Annually,US,Zengig,30-11-2023
forensic-pathologist,"85,005",Annually,US,Zengig,30-11-2023
forensic-psychologist,"76,838",Annually,US,Zengig,30-11-2023
forensic-scientist,"54,898",Annually,US,Zengig,30-11-2023
forklift-operator,"30,959",Annually,US,Zengig,30-11-2023
freight-broker,"49,104",Annually,US,Zengig,30-11-2023
front-end-developer,"79,144",Annually,US,Zengig,30-11-2023
fulfillment-coordinator,"35,251",Annually,US,Zengig,30-11-2023
full-stack-developer,"90,250",Annually,US,Zengig,30-11-2023
funeral-director,"45,749",Annually,US,Zengig,30-11-2023
game-designer,"62,672",Annually,US,Zengig,30-11-2023
game-developer,"77,650",Annually,US,Zengig,30-11-2023
game-warden,"49,348",Annually,US,Zengig,30-11-2023
garbage-collector,"35,436",Annually,US,Zengig,30-11-2023
gastroenterologist,"1,46,134",Annually,US,Zengig,30-11-2023
general-counsel,"1,15,324",Annually,US,Zengig,30-11-2023
general-manager,"62,200",Annually,US,Zengig,30-11-2023
genetic-counselor,"71,071",Annually,US,Zengig,30-11-2023
geologist,"74,720",Annually,US,Zengig,30-11-2023
geotechnical-engineer,"68,215",Annually,US,Zengig,30-11-2023
geothermal-energy-engineer,"86,500",Annually,US,Zengig,30-11-2023
gis-specialist,"55,800",Annually,US,Zengig,30-11-2023
grant-writer,"63,453",Annually,US,Zengig,30-11-2023
graphic-designer,"48,319",Annually,US,Zengig,30-11-2023
gynecologist,"1,50,589",Annually,US,Zengig,30-11-2023
health-and-safety-inspector,"60,007",Annually,US,Zengig,30-11-2023
healthcare-customer-care-representative,"31,295",Annually,US,Zengig,30-11-2023
healthcare-enrollment-specialist,"32,538",Annually,US,Zengig,30-11-2023
hedis-coordinator,"56,133",Annually,US,Zengig,30-11-2023
helicopter-pilot,"75,121",Annually,US,Zengig,30-11-2023
help-desk-manager,"71,854",Annually,US,Zengig,30-11-2023
help-desk-specialist,"42,060",Annually,US,Zengig,30-11-2023
high-school-teacher,"45,400",Annually,US,Zengig,30-11-2023
home-health-aide,"23,842",Annually,US,Zengig,30-11-2023
home-inspector,"48,473",Annually,US,Zengig,30-11-2023
homicide-detective,"70,576",Annually,US,Zengig,30-11-2023
hospital-administrator,"78,550",Annually,US,Zengig,30-11-2023
hospitalist,"1,65,142",Annually,US,Zengig,30-11-2023
hotel-manager,"67,294",Annually,US,Zengig,30-11-2023
hr-administrator,"50,711",Annually,US,Zengig,30-11-2023
hr-assistant,"35,281",Annually,US,Zengig,30-11-2023
hr-coordinator,"41,196",Annually,US,Zengig,30-11-2023
hr-director,"88,606",Annually,US,Zengig,30-11-2023
hr-generalist,"58,127",Annually,US,Zengig,30-11-2023
hr-manager,"77,215",Annually,US,Zengig,30-11-2023
hr-specialist,"48,427",Annually,US,Zengig,30-11-2023
hris-manager,"86,777",Annually,US,Zengig,30-11-2023
hvac-technician,"45,913",Annually,US,Zengig,30-11-2023
icu-nurse,"72,368",Annually,US,Zengig,30-11-2023
illustrator,"47,421",Annually,US,Zengig,30-11-2023
inbound-customer-service-representative,"38,360",Annually,US,Zengig,30-11-2023
industrial-engineer,"77,534",Annually,US,Zengig,30-11-2023
industrial-mechanic,"48,300",Annually,US,Zengig,30-11-2023
informatics-nurse,"86,350",Annually,US,Zengig,30-11-2023
information-security-analyst,"72,566",Annually,US,Zengig,30-11-2023
inside-sales-representative,"46,497",Annually,US,Zengig,30-11-2023
inspector,"68,017",Annually,US,Zengig,30-11-2023
instructional-designer,"65,588",Annually,US,Zengig,30-11-2023
insurance-adjuster,"62,097",Annually,US,Zengig,30-11-2023
insurance-agent,"58,269",Annually,US,Zengig,30-11-2023
insurance-claims-examiner,"48,524",Annually,US,Zengig,30-11-2023
insurance-sales,"43,470",Annually,US,Zengig,30-11-2023
intake-specialist,"36,553",Annually,US,Zengig,30-11-2023
intellectual-property-attorney,"95,147",Annually,US,Zengig,30-11-2023
interior-designer,"53,614",Annually,US,Zengig,30-11-2023
interventional-radiologist,"1,37,931",Annually,US,Zengig,30-11-2023
investment-banker,"1,37,000",Annually,US,Zengig,30-11-2023
it-auditor,"78,805",Annually,US,Zengig,30-11-2023
it-director,"1,09,448",Annually,US,Zengig,30-11-2023
it-manager,"1,01,731",Annually,US,Zengig,30-11-2023
it-project-manager,"89,063",Annually,US,Zengig,30-11-2023
it-specialist,"52,263",Annually,US,Zengig,30-11-2023
it-support-technician,"46,481",Annually,US,Zengig,30-11-2023
it-technician,"46,178",Annually,US,Zengig,30-11-2023
janitor,"26,182",Annually,US,Zengig,30-11-2023
java-developer,"1,01,060",Annually,US,Zengig,30-11-2023
javascript-developer,"86,600",Annually,US,Zengig,30-11-2023
journalist,"49,368",Annually,US,Zengig,30-11-2023
journeyman-electrician,"50,183",Annually,US,Zengig,30-11-2023
judge,"1,30,000",Annually,US,Zengig,30-11-2023
junior-accountant,"49,980",Annually,US,Zengig,30-11-2023
junior-architect,"54,593",Annually,US,Zengig,30-11-2023
junior-architectural-designer,"49,866",Annually,US,Zengig,30-11-2023
key-holder,"27,491",Annually,US,Zengig,30-11-2023
lab-technician,"39,818",Annually,US,Zengig,30-11-2023
labor-and-delivery-nurse,"59,741",Annually,US,Zengig,30-11-2023
labor-attorney,"94,475",Annually,US,Zengig,30-11-2023
laboratory-analyst,"41,585",Annually,US,Zengig,30-11-2023
laboratory-assistant,"33,600",Annually,US,Zengig,30-11-2023
landscape-architect,"57,843",Annually,US,Zengig,30-11-2023
law-firm-administrator,"59,560",Annually,US,Zengig,30-11-2023
lawyer,"80,700",Annually,US,Zengig,30-11-2023
leasing-agent,"34,053",Annually,US,Zengig,30-11-2023
leasing-consultant,"29,383",Annually,US,Zengig,30-11-2023
legal-assistant,"45,837",Annually,US,Zengig,30-11-2023
legal-clerk,"39,453",Annually,US,Zengig,30-11-2023
legal-data-entry-specialist,"28,664",Annually,US,Zengig,30-11-2023
legal-investigator,"60,093",Annually,US,Zengig,30-11-2023
legal-receptionist,"33,746",Annually,US,Zengig,30-11-2023
legal-secretary,"52,175",Annually,US,Zengig,30-11-2023
librarian,"53,413",Annually,US,Zengig,30-11-2023
licensed-practical-nurse,"44,058",Annually,US,Zengig,30-11-2023
life-coach,"49,519",Annually,US,Zengig,30-11-2023
light-industrial-worker,"33,829",Annually,US,Zengig,30-11-2023
lineman,"74,084",Annually,US,Zengig,30-11-2023
linux-engineer,"84,175",Annually,US,Zengig,30-11-2023
litigation-support-specialist,"57,851",Annually,US,Zengig,30-11-2023
lms-specialist,"59,870",Annually,US,Zengig,30-11-2023
loan-officer,"68,701",Annually,US,Zengig,30-11-2023
loan-processor,"37,033",Annually,US,Zengig,30-11-2023
logistics-coordinator,"45,678",Annually,US,Zengig,30-11-2023
logistics-manager,"71,685",Annually,US,Zengig,30-11-2023
longshoreman,"48,431",Annually,US,Zengig,30-11-2023
loss-control-specialist,"69,520",Annually,US,Zengig,30-11-2023
lpn,"44,058",Annually,US,Zengig,30-11-2023
lvn,"44,884",Annually,US,Zengig,30-11-2023
machine-learning-engineer,"1,05,093",Annually,US,Zengig,30-11-2023
machine-operator,"30,973",Annually,US,Zengig,30-11-2023
machinist,"38,469",Annually,US,Zengig,30-11-2023
mail-carrier,"54,894",Annually,US,Zengig,30-11-2023
mail-clerk,"29,423",Annually,US,Zengig,30-11-2023
mail-handler,"35,429",Annually,US,Zengig,30-11-2023
maintenance-technician,"38,249",Annually,US,Zengig,30-11-2023
management-analyst,"74,400",Annually,US,Zengig,30-11-2023
management-consultant,"90,000",Annually,US,Zengig,30-11-2023
manufacturing-engineer,"72,326",Annually,US,Zengig,30-11-2023
marine-biologist,"52,710",Annually,US,Zengig,30-11-2023
market-research-analyst,"47,180",Annually,US,Zengig,30-11-2023
marketing-analyst,"51,909",Annually,US,Zengig,30-11-2023
marketing-assistant,"36,306",Annually,US,Zengig,30-11-2023
marketing-associate,"41,456",Annually,US,Zengig,30-11-2023
marketing-coordinator,"41,123",Annually,US,Zengig,30-11-2023
marketing-director,"96,755",Annually,US,Zengig,30-11-2023
marketing-manager,"73,699",Annually,US,Zengig,30-11-2023
marketing-specialist,"49,286",Annually,US,Zengig,30-11-2023
massage-therapist,"47,814",Annually,US,Zengig,30-11-2023
master-electrician,"64,162",Annually,US,Zengig,30-11-2023
material-handler,"24,268",Annually,US,Zengig,30-11-2023
materials-manager,"71,697",Annually,US,Zengig,30-11-2023
mechanic,"46,154",Annually,US,Zengig,30-11-2023
mechanical-engineer,"75,110",Annually,US,Zengig,30-11-2023
media-buyer,"55,046",Annually,US,Zengig,30-11-2023
media-sales-representative,"52,130",Annually,US,Zengig,30-11-2023
medical-assistant,"29,085",Annually,US,Zengig,30-11-2023
medical-biller,"33,468",Annually,US,Zengig,30-11-2023
medical-coder,"35,322",Annually,US,Zengig,30-11-2023
medical-device-sales-representative,"72,356",Annually,US,Zengig,30-11-2023
medical-examiner,"98,549",Annually,US,Zengig,30-11-2023
medical-lab-technician,"38,574",Annually,US,Zengig,30-11-2023
medical-malpractice-attorney,"97,460",Annually,US,Zengig,30-11-2023
medical-receptionist,"29,192",Annually,US,Zengig,30-11-2023
medical-sales-rep,"74,165",Annually,US,Zengig,30-11-2023
medical-science-liaison,"96,744",Annually,US,Zengig,30-11-2023
medical-scribe,"29,052",Annually,US,Zengig,30-11-2023
medical-surgical-nurse,"80,500",Annually,US,Zengig,30-11-2023
medical-technologist,"61,564",Annually,US,Zengig,30-11-2023
mental-health-counselor,"50,860",Annually,US,Zengig,30-11-2023
merchandiser,"36,657",Annually,US,Zengig,30-11-2023
meteorologist,"59,288",Annually,US,Zengig,30-11-2023
microbiologist,"65,119",Annually,US,Zengig,30-11-2023
mid-level-architect,"81,702",Annually,US,Zengig,30-11-2023
midwife,"85,962",Annually,US,Zengig,30-11-2023
mobile-application-developer,"91,700",Annually,US,Zengig,30-11-2023
mobile-designer,"74,335",Annually,US,Zengig,30-11-2023
mortgage-broker,"74,488",Annually,US,Zengig,30-11-2023
mortgage-loan-officer,"68,204",Annually,US,Zengig,30-11-2023
mortgage-loan-originator,"82,161",Annually,US,Zengig,30-11-2023
mortgage-loan-processor,"42,817",Annually,US,Zengig,30-11-2023
mortgage-underwriter,"60,722",Annually,US,Zengig,30-11-2023
mortician,"55,362",Annually,US,Zengig,30-11-2023
mri-tech,"60,823",Annually,US,Zengig,30-11-2023
neonatal-nurse,"80,477",Annually,US,Zengig,30-11-2023
network-administrator,"62,095",Annually,US,Zengig,30-11-2023
network-architect,"97,731",Annually,US,Zengig,30-11-2023
network-engineer,"87,923",Annually,US,Zengig,30-11-2023
network-operations-manager,"77,336",Annually,US,Zengig,30-11-2023
neurologist,"1,45,936",Annually,US,Zengig,30-11-2023
neuropsychologist,"89,376",Annually,US,Zengig,30-11-2023
neuroscientist,"73,548",Annually,US,Zengig,30-11-2023
neurosurgeon,"2,12,227",Annually,US,Zengig,30-11-2023
news-anchor,"53,414",Annually,US,Zengig,30-11-2023
nicu-nurse,"82,148",Annually,US,Zengig,30-11-2023
night-auditor,"24,717",Annually,US,Zengig,30-11-2023
notary,"30,040",Annually,US,Zengig,30-11-2023
nuclear-engineer,"87,566",Annually,US,Zengig,30-11-2023
nuclear-medicine-technologist,"66,401",Annually,US,Zengig,30-11-2023
nurse,"62,342",Annually,US,Zengig,30-11-2023
nurse-anesthetist,"1,02,913",Annually,US,Zengig,30-11-2023
nurse-practitioner,"92,246",Annually,US,Zengig,30-11-2023
nursing-assistant,"26,367",Annually,US,Zengig,30-11-2023
nutritionist,"51,373",Annually,US,Zengig,30-11-2023
obstetrician,"1,89,741",Annually,US,Zengig,30-11-2023
occupational-therapist,"74,390",Annually,US,Zengig,30-11-2023
occupational-therapy-assistant,"51,850",Annually,US,Zengig,30-11-2023
office-administrator,"40,364",Annually,US,Zengig,30-11-2023
office-assistant,"28,552",Annually,US,Zengig,30-11-2023
office-coordinator,"33,248",Annually,US,Zengig,30-11-2023
office-manager,"51,945",Annually,US,Zengig,30-11-2023
oncologist,"1,78,755",Annually,US,Zengig,30-11-2023
operations-manager,"56,954",Annually,US,Zengig,30-11-2023
ophthalmologist,"1,87,925",Annually,US,Zengig,30-11-2023
optical-imaging-engineer,"82,100",Annually,US,Zengig,30-11-2023
optical-imaging-solutions-specialist,"40,938",Annually,US,Zengig,30-11-2023
optical-sales-representative,"39,930",Annually,US,Zengig,30-11-2023
optician,"33,152",Annually,US,Zengig,30-11-2023
optometrist,"92,250",Annually,US,Zengig,30-11-2023
oral-surgeon,"1,84,470",Annually,US,Zengig,30-11-2023
order-selector,"24,943",Annually,US,Zengig,30-11-2023
orthodontist,"1,32,856",Annually,US,Zengig,30-11-2023
orthopedic-surgeon,"2,13,748",Annually,US,Zengig,30-11-2023
outbound-customer-service-representative,"32,450",Annually,US,Zengig,30-11-2023
outside-sales-associate,"51,968",Annually,US,Zengig,30-11-2023
package-handler,"24,852",Annually,US,Zengig,30-11-2023
paleontologist,"73,692",Annually,US,Zengig,30-11-2023
paralegal,"55,992",Annually,US,Zengig,30-11-2023
paramedic,"40,613",Annually,US,Zengig,30-11-2023
paraprofessional,"27,241",Annually,US,Zengig,30-11-2023
park-ranger,"33,155",Annually,US,Zengig,30-11-2023
pathologist,"1,75,665",Annually,US,Zengig,30-11-2023
patient-access-representative,"29,894",Annually,US,Zengig,30-11-2023
patient-care-coordinator,"33,690",Annually,US,Zengig,30-11-2023
payroll-clerk,"35,982",Annually,US,Zengig,30-11-2023
payroll-manager,"64,030",Annually,US,Zengig,30-11-2023
payroll-services-sales-representative,"44,717",Annually,US,Zengig,30-11-2023
payroll-specialist,"35,982",Annually,US,Zengig,30-11-2023
pediatric-nurse,"67,195",Annually,US,Zengig,30-11-2023
pediatrician,"1,52,249",Annually,US,Zengig,30-11-2023
penetration-tester,"74,046",Annually,US,Zengig,30-11-2023
perfusionist,"97,402",Annually,US,Zengig,30-11-2023
personal-assistant,"28,849",Annually,US,Zengig,30-11-2023
personal-injury-attorney,"87,706",Annually,US,Zengig,30-11-2023
personal-shopper,"39,900",Annually,US,Zengig,30-11-2023
personal-trainer,"42,710",Annually,US,Zengig,30-11-2023
petroleum-engineer,"88,733",Annually,US,Zengig,30-11-2023
pharmaceutical-sales-representative,"72,323",Annually,US,Zengig,30-11-2023
pharmacist,"94,924",Annually,US,Zengig,30-11-2023
pharmacy-manager,"1,00,646",Annually,US,Zengig,30-11-2023
pharmacy-technician,"34,168",Annually,US,Zengig,30-11-2023
phlebotomist,"30,615",Annually,US,Zengig,30-11-2023
photographer,"44,885",Annually,US,Zengig,30-11-2023
php-developer,"79,840",Annually,US,Zengig,30-11-2023
physical-therapist,"77,852",Annually,US,Zengig,30-11-2023
physical-therapy-assistant,"49,670",Annually,US,Zengig,30-11-2023
physician,"1,47,776",Annually,US,Zengig,30-11-2023
physician-assistant,"95,514",Annually,US,Zengig,30-11-2023
picker-packer,"24,333",Annually,US,Zengig,30-11-2023
pilot,"90,614",Annually,US,Zengig,30-11-2023
pipefitter,"50,947",Annually,US,Zengig,30-11-2023
plastic-surgeon,"2,07,993",Annually,US,Zengig,30-11-2023
plumber,"50,661",Annually,US,Zengig,30-11-2023
podiatrist,"99,833",Annually,US,Zengig,30-11-2023
police-officer,"55,719",Annually,US,Zengig,30-11-2023
portfolio-manager,"88,374",Annually,US,Zengig,30-11-2023
power-plant-operations-manager,"1,32,100",Annually,US,Zengig,30-11-2023
preschool-teacher,"27,732",Annually,US,Zengig,30-11-2023
press-operator,"33,566",Annually,US,Zengig,30-11-2023
principal,"76,958",Annually,US,Zengig,30-11-2023
principal-architect,"1,05,230",Annually,US,Zengig,30-11-2023
principal-wireless-engineer,"85,552",Annually,US,Zengig,30-11-2023
private-investigator,"51,959",Annually,US,Zengig,30-11-2023
probation-officer,"38,022",Annually,US,Zengig,30-11-2023
process-engineer,"75,024",Annually,US,Zengig,30-11-2023
procurement-engineer,"66,166",Annually,US,Zengig,30-11-2023
procurement-manager,"87,197",Annually,US,Zengig,30-11-2023
product-manager,"88,349",Annually,US,Zengig,30-11-2023
production-artist,"47,736",Annually,US,Zengig,30-11-2023
production-manager,"79,294",Annually,US,Zengig,30-11-2023
production-worker,"24,430",Annually,US,Zengig,30-11-2023
professor,"71,913",Annually,US,Zengig,30-11-2023
program-analyst,"78,360",Annually,US,Zengig,30-11-2023
program-coordinator,"43,832",Annually,US,Zengig,30-11-2023
program-director,"94,246",Annually,US,Zengig,30-11-2023
program-manager,"87,372",Annually,US,Zengig,30-11-2023
programmer,"56,878",Annually,US,Zengig,30-11-2023
project-coordinator,"44,828",Annually,US,Zengig,30-11-2023
project-engineer,"85,224",Annually,US,Zengig,30-11-2023
project-manager,"77,187",Annually,US,Zengig,30-11-2023
property-manager,"53,456",Annually,US,Zengig,30-11-2023
proposal-writer,"65,991",Annually,US,Zengig,30-11-2023
provider-operations-specialist,"41,104",Annually,US,Zengig,30-11-2023
provider-relations-specialist,"31,648",Annually,US,Zengig,30-11-2023
psychiatric-nurse-practitioner,"80,149",Annually,US,Zengig,30-11-2023
psychiatrist,"1,71,940",Annually,US,Zengig,30-11-2023
psychologist,"67,763",Annually,US,Zengig,30-11-2023
public-defender,"58,006",Annually,US,Zengig,30-11-2023
public-relations-specialist,"54,361",Annually,US,Zengig,30-11-2023
purchasing-coordinator,"38,703",Annually,US,Zengig,30-11-2023
purchasing-manager,"71,176",Annually,US,Zengig,30-11-2023
python-developer,"91,586",Annually,US,Zengig,30-11-2023
qa-manager,"82,269",Annually,US,Zengig,30-11-2023
quality-analyst,"74,326",Annually,US,Zengig,30-11-2023
quality-assurance-specialist,"61,361",Annually,US,Zengig,30-11-2023
quality-assurance-tester,"58,200",Annually,US,Zengig,30-11-2023
quality-control-inspector,"35,034",Annually,US,Zengig,30-11-2023
quality-engineer,"65,038",Annually,US,Zengig,30-11-2023
quality-manager,"74,992",Annually,US,Zengig,30-11-2023
quality-technician,"45,299",Annually,US,Zengig,30-11-2023
radiation-therapist,"70,647",Annually,US,Zengig,30-11-2023
radiologic-technologist,"49,921",Annually,US,Zengig,30-11-2023
radiologist,"2,19,879",Annually,US,Zengig,30-11-2023
react-developer,"92,840",Annually,US,Zengig,30-11-2023
real-estate-agent,"56,605",Annually,US,Zengig,30-11-2023
real-estate-appraiser,"54,124",Annually,US,Zengig,30-11-2023
real-estate-attorney,"93,012",Annually,US,Zengig,30-11-2023
real-estate-broker,"48,448",Annually,US,Zengig,30-11-2023
realtor,"56,605",Annually,US,Zengig,30-11-2023
receptionist,"35,748",Annually,US,Zengig,30-11-2023
recruiter,"54,536",Annually,US,Zengig,30-11-2023
recruiting-coordinator,"41,527",Annually,US,Zengig,30-11-2023
recruiting-manager,"82,083",Annually,US,Zengig,30-11-2023
registered-behavior-technician,"35,558",Annually,US,Zengig,30-11-2023
registered-dietitian,"65,425",Annually,US,Zengig,30-11-2023
registered-nurse-(rn),"67,966",Annually,US,Zengig,30-11-2023
registration-specialist,"24,384",Annually,US,Zengig,30-11-2023
regulatory-specialist,"68,138",Annually,US,Zengig,30-11-2023
reimbursement-specialist,"38,655",Annually,US,Zengig,30-11-2023
renewable-energy-director,"1,13,800",Annually,US,Zengig,30-11-2023
report-developer,"74,570",Annually,US,Zengig,30-11-2023
research-scientist,"71,154",Annually,US,Zengig,30-11-2023
respiratory-therapist,"57,078",Annually,US,Zengig,30-11-2023
restaurant-manager,"48,460",Annually,US,Zengig,30-11-2023
restoration-technician,"37,153",Annually,US,Zengig,30-11-2023
retail-sales-associate,"24,953",Annually,US,Zengig,30-11-2023
retail-store-manager,"55,016",Annually,US,Zengig,30-11-2023
revit-technician,"38,631",Annually,US,Zengig,30-11-2023
risk-manager,"89,227",Annually,US,Zengig,30-11-2023
rust-developer,"81,399",Annually,US,Zengig,30-11-2023
sales-assistant,"30,088",Annually,US,Zengig,30-11-2023
sales-director,"85,358",Annually,US,Zengig,30-11-2023
sales-engineer,"79,991",Annually,US,Zengig,30-11-2023
sales-manager,"89,321",Annually,US,Zengig,30-11-2023
sales-representative,"52,654",Annually,US,Zengig,30-11-2023
salesforce-administrator,"74,380",Annually,US,Zengig,30-11-2023
salesforce-developer,"82,265",Annually,US,Zengig,30-11-2023
saturation-diver,"1,15,047",Annually,US,Zengig,30-11-2023
scheduler,"38,407",Annually,US,Zengig,30-11-2023
school-bus-driver,"30,077",Annually,US,Zengig,30-11-2023
school-counselor,"50,443",Annually,US,Zengig,30-11-2023
school-nurse,"50,960",Annually,US,Zengig,30-11-2023
school-psychologist,"67,039",Annually,US,Zengig,30-11-2023
scrum-master,"83,596",Annually,US,Zengig,30-11-2023
secretary,"36,444",Annually,US,Zengig,30-11-2023
security-analyst,"69,208",Annually,US,Zengig,30-11-2023
security-compliance-manager,"91,594",Annually,US,Zengig,30-11-2023
security-engineer,"84,699",Annually,US,Zengig,30-11-2023
security-guard,"29,800",Annually,US,Zengig,30-11-2023
sem-strategist,"62,777",Annually,US,Zengig,30-11-2023
senior-accountant,"70,457",Annually,US,Zengig,30-11-2023
senior-architect,"1,01,500",Annually,US,Zengig,30-11-2023
senior-architectural-designer,"80,200",Annually,US,Zengig,30-11-2023
senior-attorney,"1,20,323",Annually,US,Zengig,30-11-2023
seo-manager,"64,338",Annually,US,Zengig,30-11-2023
seo-strategist,"59,133",Annually,US,Zengig,30-11-2023
sheet-metal-mechanic,"45,066",Annually,US,Zengig,30-11-2023
shipping-and-receiving-clerk,"28,561",Annually,US,Zengig,30-11-2023
social-media-coordinator,"45,734",Annually,US,Zengig,30-11-2023
social-media-manager,"52,877",Annually,US,Zengig,30-11-2023
social-worker,"45,188",Annually,US,Zengig,30-11-2023
software-developer,"89,216",Annually,US,Zengig,30-11-2023
software-development-manager,"92,079",Annually,US,Zengig,30-11-2023
software-engineer,"86,125",Annually,US,Zengig,30-11-2023
soil-technician,"35,553",Annually,US,Zengig,30-11-2023
solar-energy-manager,"59,380",Annually,US,Zengig,30-11-2023
solar-installer,"44,200",Annually,US,Zengig,30-11-2023
solutions-architect,"97,273",Annually,US,Zengig,30-11-2023
sommelier,"43,309",Annually,US,Zengig,30-11-2023
sonographer,"67,179",Annually,US,Zengig,30-11-2023
sourcer,"43,290",Annually,US,Zengig,30-11-2023
sourcing-specialist,"34,807",Annually,US,Zengig,30-11-2023
sous-chef,"41,643",Annually,US,Zengig,30-11-2023
special-education-teacher,"51,445",Annually,US,Zengig,30-11-2023
speech-pathologist,"74,959",Annually,US,Zengig,30-11-2023
speech-therapist,"74,338",Annually,US,Zengig,30-11-2023
speech-language-pathologist,"73,567",Annually,US,Zengig,30-11-2023
sql-developer,"72,800",Annually,US,Zengig,30-11-2023
staff-accountant,"57,592",Annually,US,Zengig,30-11-2023
statistician,"76,744",Annually,US,Zengig,30-11-2023
stenographer,"33,359",Annually,US,Zengig,30-11-2023
sterile-processing-technician,"40,143",Annually,US,Zengig,30-11-2023
stock-broker,"59,308",Annually,US,Zengig,30-11-2023
stock-room-clerk,"28,630",Annually,US,Zengig,30-11-2023
stocker,"28,900",Annually,US,Zengig,30-11-2023
storage-engineer,"77,532",Annually,US,Zengig,30-11-2023
store-manager,"47,475",Annually,US,Zengig,30-11-2023
structural-engineer,"66,663",Annually,US,Zengig,30-11-2023
superintendent,"83,736",Annually,US,Zengig,30-11-2023
supply-chain-analyst,"58,558",Annually,US,Zengig,30-11-2023
supply-chain-manager,"74,775",Annually,US,Zengig,30-11-2023
surgical-assistant,"53,714",Annually,US,Zengig,30-11-2023
surgical-technologist,"44,551",Annually,US,Zengig,30-11-2023
surveyor,"56,566",Annually,US,Zengig,30-11-2023
systems-administrator,"75,684",Annually,US,Zengig,30-11-2023
systems-analyst,"64,587",Annually,US,Zengig,30-11-2023
systems-engineer,"91,933",Annually,US,Zengig,30-11-2023
talent-acquisition-specialist,"61,336",Annually,US,Zengig,30-11-2023
tattoo-artist,"48,197",Annually,US,Zengig,30-11-2023
tax-attorney,"94,117",Annually,US,Zengig,30-11-2023
teacher,"38,577",Annually,US,Zengig,30-11-2023
technical-support-advisor,"48,633",Annually,US,Zengig,30-11-2023
technical-support-specialist,"38,650",Annually,US,Zengig,30-11-2023
technical-trainer,"65,220",Annually,US,Zengig,30-11-2023
technical-writer,"65,308",Annually,US,Zengig,30-11-2023
technology-solutions-sales-representative,"65,625",Annually,US,Zengig,30-11-2023
telecommunications-administrator,"57,205",Annually,US,Zengig,30-11-2023
telecommunications-engineer,"71,483",Annually,US,Zengig,30-11-2023
telecommunications-operator,"35,745",Annually,US,Zengig,30-11-2023
telecommunications-technician,"45,630",Annually,US,Zengig,30-11-2023
telemarketer,"26,755",Annually,US,Zengig,30-11-2023
test-technician,"47,364",Annually,US,Zengig,30-11-2023
therapist,"54,379",Annually,US,Zengig,30-11-2023
travel-agent,"42,799",Annually,US,Zengig,30-11-2023
travel-nurse,"58,420",Annually,US,Zengig,30-11-2023
treasurer,"1,24,065",Annually,US,Zengig,30-11-2023
treasury-manager,"86,868",Annually,US,Zengig,30-11-2023
truck-dispatcher,"40,050",Annually,US,Zengig,30-11-2023
truck-driver,"43,985",Annually,US,Zengig,30-11-2023
tsa-agent,"32,450",Annually,US,Zengig,30-11-2023
ui-designer,"72,380",Annually,US,Zengig,30-11-2023
ui-developer,"77,994",Annually,US,Zengig,30-11-2023
ultrasound-technician,"58,305",Annually,US,Zengig,30-11-2023
underwater-welder,"43,415",Annually,US,Zengig,30-11-2023
underwriter,"59,027",Annually,US,Zengig,30-11-2023
ups-driver,"53,397",Annually,US,Zengig,30-11-2023
urologist,"1,69,495",Annually,US,Zengig,30-11-2023
utilization-management-support-coordinator,"37,983",Annually,US,Zengig,30-11-2023
ux-designer,"83,267",Annually,US,Zengig,30-11-2023
ux-developer,"86,200",Annually,US,Zengig,30-11-2023
ux-researcher,"74,827",Annually,US,Zengig,30-11-2023
ux-writer,"73,636",Annually,US,Zengig,30-11-2023
vdc-engineer,"72,449",Annually,US,Zengig,30-11-2023
verification-representative,"33,486",Annually,US,Zengig,30-11-2023
vet-assistant,"36,349",Annually,US,Zengig,30-11-2023
vet-tech,"36,312",Annually,US,Zengig,30-11-2023
veterinarian,"88,877",Annually,US,Zengig,30-11-2023
vice-president-of-administration,"1,11,600",Annually,US,Zengig,30-11-2023
vice-president-of-information-technology,"1,25,300",Annually,US,Zengig,30-11-2023
vice-president-of-sales,"92,359",Annually,US,Zengig,30-11-2023
video-game-designer,"57,101",Annually,US,Zengig,30-11-2023
video-producer,"64,216",Annually,US,Zengig,30-11-2023
virtual-reality-developer,"82,756",Annually,US,Zengig,30-11-2023
voip-engineer,"77,664",Annually,US,Zengig,30-11-2023
vp-of-sales,"92,359",Annually,US,Zengig,30-11-2023
warehouse-associate,"27,032",Annually,US,Zengig,30-11-2023
warehouse-manager,"51,124",Annually,US,Zengig,30-11-2023
wastewater-operator,"37,244",Annually,US,Zengig,30-11-2023
web-analytics-manager,"66,258",Annually,US,Zengig,30-11-2023
web-designer,"61,949",Annually,US,Zengig,30-11-2023
web-developer,"75,243",Annually,US,Zengig,30-11-2023
welder,"35,773",Annually,US,Zengig,30-11-2023
wildlife-biologist,"53,192",Annually,US,Zengig,30-11-2023
wind-turbine-technician,"46,029",Annually,US,Zengig,30-11-2023
wordpress-developer,"59,845",Annually,US,Zengig,30-11-2023
x-ray-tech,"50,044",Annually,US,Zengig,30-11-2023
zookeeper,"33,951",Annually,US,Zengig,30-11-2023
zoologist,"63,515",Annually,US,Zengig,30-11-2023
