Job,Salary,Salary_Type,Location,Website,Scrape Date
Archivist,"53,880",Annually,US,Onlinedegree,2023-12-01
City Clerk,"38,230",Annually,US,Onlinedegree,2023-12-01
Claims Clerk,"29,900",Annually,US,Onlinedegree,2023-12-01
Court Reporter,"54,720",Annually,US,Onlinedegree,2023-12-01
Courtroom Clerk,"38,230",Annually,US,Onlinedegree,2023-12-01
Credit Analyst,"79,720",Annually,US,Onlinedegree,2023-12-01
Criminal Intelligence Analyst,"79,620",Annually,US,Onlinedegree,2023-12-01
Data Entry Clerk,"30,810",Annually,US,Onlinedegree,2023-12-01
Healthcare Administrator,"106,070",Annually,US,Onlinedegree,2023-12-01
#N/A,#N/A,Annually,US,Onlinedegree,2023-12-01
Human Resources Specialist (HR),"65,100",Annually,US,Onlinedegree,2023-12-01
Insurance Underwriter,"72,650",Annually,US,Onlinedegree,2023-12-01
#N/A,#N/A,Annually,US,Onlinedegree,2023-12-01
Librarian,"58,930",Annually,US,Onlinedegree,2023-12-01
Library Technician,"34,200",Annually,US,Onlinedegree,2023-12-01
Medical Records Clerk,"29,900",Annually,US,Onlinedegree,2023-12-01
Medical Records Technician,"40,430",Annually,US,Onlinedegree,2023-12-01
Medical Secretary,"34,330",Annually,US,Onlinedegree,2023-12-01
Medical Transcriptionist,"35,720",Annually,US,Onlinedegree,2023-12-01
Medicare Benefits Caseworker,"43,040",Annually,US,Onlinedegree,2023-12-01
Meter Maid,"38,280",Annually,US,Onlinedegree,2023-12-01
Nursing Home Administrator,"106,070",Annually,US,Onlinedegree,2023-12-01
Office Manager,"94,840",Annually,US,Onlinedegree,2023-12-01
Paralegal,"52,390",Annually,US,Onlinedegree,2023-12-01
Parking Enforcement,"38,280",Annually,US,Onlinedegree,2023-12-01
Patient Coordinator,"34,330",Annually,US,Onlinedegree,2023-12-01
Payroll Clerk,"42,130",Annually,US,Onlinedegree,2023-12-01
Pharmacist Assistant,"27,460",Annually,US,Onlinedegree,2023-12-01
Police Records Clerk,"29,900",Annually,US,Onlinedegree,2023-12-01
Receptionist,"31,890",Annually,US,Onlinedegree,2023-12-01
School Librarian,"58,930",Annually,US,Onlinedegree,2023-12-01
Social Security Benefits Caseworker,"43,040",Annually,US,Onlinedegree,2023-12-01
Translator,"48,360",Annually,US,Onlinedegree,2023-12-01
Unemployment Benefits Caseworker,"43,040",Annually,US,Onlinedegree,2023-12-01
Welfare Caseworker,"43,040",Annually,US,Onlinedegree,2023-12-01
Advertising Account Executive,"61,690",Annually,US,Onlinedegree,2023-12-01
Advertising Executive,"113,610",Annually,US,Onlinedegree,2023-12-01
Billboard Advertising Salesperson,"61,690",Annually,US,Onlinedegree,2023-12-01
Brand Manager,"140,660",Annually,US,Onlinedegree,2023-12-01
Census Worker,"32,930",Annually,US,Onlinedegree,2023-12-01
#N/A,#N/A,Annually,US,Onlinedegree,2023-12-01
Display Banner Ads Salesperson,"61,690",Annually,US,Onlinedegree,2023-12-01
Fashion Model,"37,240",Annually,US,Onlinedegree,2023-12-01
Fitness Model,"37,240",Annually,US,Onlinedegree,2023-12-01
Graphic Designer,"51,640",Annually,US,Onlinedegree,2023-12-01
Logo Designer,"51,640",Annually,US,Onlinedegree,2023-12-01
Market Research Analyst,"70,030",Annually,US,Onlinedegree,2023-12-01
Marketing Manager,"140,660",Annually,US,Onlinedegree,2023-12-01
Package Designer,"51,640",Annually,US,Onlinedegree,2023-12-01
Plus-Size Model,"37,240",Annually,US,Onlinedegree,2023-12-01
#N/A,#N/A,Annually,US,Onlinedegree,2023-12-01
Radio Ads Salesperson,"61,690",Annually,US,Onlinedegree,2023-12-01
SEO Specialist,"87,310",Annually,US,Onlinedegree,2023-12-01
#N/A,#N/A,Annually,US,Onlinedegree,2023-12-01
Visual Merchandiser,"29,790",Annually,US,Onlinedegree,2023-12-01
Website Designer,"51,640",Annually,US,Onlinedegree,2023-12-01
Agricultural Engineer,"78,490",Annually,US,Onlinedegree,2023-12-01
Agricultural Inspector,"43,810",Annually,US,Onlinedegree,2023-12-01
#N/A,#N/A,Annually,US,Onlinedegree,2023-12-01
Animal Breeder,"44,650",Annually,US,Onlinedegree,2023-12-01
Animal Nutritionist,"71,830",Annually,US,Onlinedegree,2023-12-01
Animal Scientist,"71,830",Annually,US,Onlinedegree,2023-12-01
Barley Roaster,"30,320",Annually,US,Onlinedegree,2023-12-01
Coffee Roaster,"30,320",Annually,US,Onlinedegree,2023-12-01
Dairy Farmer,"69,880",Annually,US,Onlinedegree,2023-12-01
Enologist,"72,030",Annually,US,Onlinedegree,2023-12-01
Ethologist,"71,830",Annually,US,Onlinedegree,2023-12-01
Farm Agricultural Worker,"31,850",Annually,US,Onlinedegree,2023-12-01
Farm Equipment Mechanic,"38,510",Annually,US,Onlinedegree,2023-12-01
Farm Equipment Operator,"29,380",Annually,US,Onlinedegree,2023-12-01
#N/A,#N/A,Annually,US,Onlinedegree,2023-12-01
Fish & Meat Smoker,"30,320",Annually,US,Onlinedegree,2023-12-01
Fish Hatchery Manager,"69,880",Annually,US,Onlinedegree,2023-12-01
Fishing Boat Cabin,"30,370",Annually,US,Onlinedegree,2023-12-01
#N/A,#N/A,Annually,US,Onlinedegree,2023-12-01
Food Science Technician,"39,000",Annually,US,Onlinedegree,2023-12-01
Food Scientist,"72,030",Annually,US,Onlinedegree,2023-12-01
Gardener,"27,460",Annually,US,Onlinedegree,2023-12-01
Hydrologist,"83,440",Annually,US,Onlinedegree,2023-12-01
Livestock Buyer,"62,280",Annually,US,Onlinedegree,2023-12-01
Millwright,"52,650",Annually,US,Onlinedegree,2023-12-01
Mycologist,"77,190",Annually,US,Onlinedegree,2023-12-01
#N/A,#N/A,Annually,US,Onlinedegree,2023-12-01
Tractor Mechanic,"38,510",Annually,US,Onlinedegree,2023-12-01
Vineyard Manager,"69,880",Annually,US,Onlinedegree,2023-12-01
Whaler,"30,370",Annually,US,Onlinedegree,2023-12-01
Agricultural Inspector,"43,810",Annually,US,Onlinedegree,2023-12-01
Animal Breeder,"44,650",Annually,US,Onlinedegree,2023-12-01
Animal Cruelty Investigator,"35,330",Annually,US,Onlinedegree,2023-12-01
Animal Nutritionist,"71,830",Annually,US,Onlinedegree,2023-12-01
Animal Scientist,"71,830",Annually,US,Onlinedegree,2023-12-01
Animal Trainer,"33,600",Annually,US,Onlinedegree,2023-12-01
Animal Trapper & Hunter,"30,370",Annually,US,Onlinedegree,2023-12-01
Cat Groomer,"23,630",Annually,US,Onlinedegree,2023-12-01
Conservation Officer,"54,970",Annually,US,Onlinedegree,2023-12-01
Dairy Farmer,"69,880",Annually,US,Onlinedegree,2023-12-01
Dog Groomer,"23,630",Annually,US,Onlinedegree,2023-12-01
#N/A,#N/A,Annually,US,Onlinedegree,2023-12-01
Dog Trainer,"33,600",Annually,US,Onlinedegree,2023-12-01
Dog Walker,"23,630",Annually,US,Onlinedegree,2023-12-01
#N/A,#N/A,Annually,US,Onlinedegree,2023-12-01
Ethologist,"71,830",Annually,US,Onlinedegree,2023-12-01
Fish Hatchery Manager,"69,880",Annually,US,Onlinedegree,2023-12-01
Horse Trainer,"33,600",Annually,US,Onlinedegree,2023-12-01
Paleontologist,"105,720",Annually,US,Onlinedegree,2023-12-01
Pet Groomer,"23,630",Annually,US,Onlinedegree,2023-12-01
Wildlife Conservationist,"63,800",Annually,US,Onlinedegree,2023-12-01
Zookeeper,"23,630",Annually,US,Onlinedegree,2023-12-01
Architect,"82,850",Annually,US,Onlinedegree,2023-12-01
Brickmason,"51,750",Annually,US,Onlinedegree,2023-12-01
Building Inspector,"60,030",Annually,US,Onlinedegree,2023-12-01
Building Project Manager,"141,650",Annually,US,Onlinedegree,2023-12-01
Cabinetmaker,"33,980",Annually,US,Onlinedegree,2023-12-01
Carpenter,"46,780",Annually,US,Onlinedegree,2023-12-01
Carpet Installer,"43,210",Annually,US,Onlinedegree,2023-12-01
#N/A,#N/A,Annually,US,Onlinedegree,2023-12-01
Civil Engineer,"87,940",Annually,US,Onlinedegree,2023-12-01
Commercial Painter,"40,540",Annually,US,Onlinedegree,2023-12-01
#N/A,#N/A,Annually,US,Onlinedegree,2023-12-01
Construction Worker,"36,550",Annually,US,Onlinedegree,2023-12-01
Cost Estimator,"64,810",Annually,US,Onlinedegree,2023-12-01
Crane Operator,"54,560",Annually,US,Onlinedegree,2023-12-01
Drafter,"53,470",Annually,US,Onlinedegree,2023-12-01
Electrical Engineer (EE),"97,340",Annually,US,Onlinedegree,2023-12-01
Electrician,"55,590",Annually,US,Onlinedegree,2023-12-01
Environmental Engineer,"88,040",Annually,US,Onlinedegree,2023-12-01
General Contractor,"97,510",Annually,US,Onlinedegree,2023-12-01
Glazier,"45,420",Annually,US,Onlinedegree,2023-12-01
#N/A,#N/A,Annually,US,Onlinedegree,2023-12-01
Groundskeeper,"27,460",Annually,US,Onlinedegree,2023-12-01
Heavy Equipment Mechanic,"50,080",Annually,US,Onlinedegree,2023-12-01
Home Inspector,"60,030",Annually,US,Onlinedegree,2023-12-01
HVAC Technician,"47,380",Annually,US,Onlinedegree,2023-12-01
Interior Designer,"55,510",Annually,US,Onlinedegree,2023-12-01
Laminate & Vinyl Floor Installer,"42,520",Annually,US,Onlinedegree,2023-12-01
Landscape Architect,"68,600",Annually,US,Onlinedegree,2023-12-01
Landscaper,"27,460",Annually,US,Onlinedegree,2023-12-01
LEED Sustainability Specialist,"73,480",Annually,US,Onlinedegree,2023-12-01
Locksmith,"41,270",Annually,US,Onlinedegree,2023-12-01
Logger,"36,930",Annually,US,Onlinedegree,2023-12-01
Marine Engineer,"100,090",Annually,US,Onlinedegree,2023-12-01
Mechanical Drafter,"56,610",Annually,US,Onlinedegree,2023-12-01
Mechanical Engineer,"88,190",Annually,US,Onlinedegree,2023-12-01
Millwright,"52,650",Annually,US,Onlinedegree,2023-12-01
Miner,"49,740",Annually,US,Onlinedegree,2023-12-01
Naval Architect,"100,090",Annually,US,Onlinedegree,2023-12-01
Solar Panel Technician,"39,500",Annually,US,Onlinedegree,2023-12-01
Structural Engineer,"87,940",Annually,US,Onlinedegree,2023-12-01
Timber Buyer,"37,420",Annually,US,Onlinedegree,2023-12-01
Transportation Engineer,"87,940",Annually,US,Onlinedegree,2023-12-01
Underwater Welder,"54,640",Annually,US,Onlinedegree,2023-12-01
Valve Technician,"55,760",Annually,US,Onlinedegree,2023-12-01
Waste Management Engineer,"88,040",Annually,US,Onlinedegree,2023-12-01
Welding Inspector,"60,030",Annually,US,Onlinedegree,2023-12-01
3D Animator,"70,300",Annually,US,Onlinedegree,2023-12-01
Actors,9.7%,Annually,US,Onlinedegree,2023-12-01
Animator,"70,300",Annually,US,Onlinedegree,2023-12-01
Art Conservator,"44,880",Annually,US,Onlinedegree,2023-12-01
Art Model,"37,240",Annually,US,Onlinedegree,2023-12-01
Art Painter,"54,170",Annually,US,Onlinedegree,2023-12-01
Art Restorer,"54,170",Annually,US,Onlinedegree,2023-12-01
#N/A,#N/A,Annually,US,Onlinedegree,2023-12-01
Athletic Director,"92,940",Annually,US,Onlinedegree,2023-12-01
Athletic Trainer,"46,940",Annually,US,Onlinedegree,2023-12-01
Audio Visual Technician,"46,630",Annually,US,Onlinedegree,2023-12-01
Ballet Dancer,4.6%,Annually,US,Onlinedegree,2023-12-01
Band Manager,"95,810",Annually,US,Onlinedegree,2023-12-01
Baseball Scout,"40,050",Annually,US,Onlinedegree,2023-12-01
Basketball Coach,"40,050",Annually,US,Onlinedegree,2023-12-01
Beautician,"28,770",Annually,US,Onlinedegree,2023-12-01
Belly Dancer,4.6%,Annually,US,Onlinedegree,2023-12-01
Book Publisher Editor,"64,910",Annually,US,Onlinedegree,2023-12-01
Broadcast Engineer,"44,050",Annually,US,Onlinedegree,2023-12-01
Cartoonist,"54,170",Annually,US,Onlinedegree,2023-12-01
Ceramic Pottery Maker,"35,710",Annually,US,Onlinedegree,2023-12-01
Choreographer,"51,560",Annually,US,Onlinedegree,2023-12-01
Cirque Du Soleil Acrobat,7%,Annually,US,Onlinedegree,2023-12-01
Coffee Roaster,"30,320",Annually,US,Onlinedegree,2023-12-01
Comic Book Artist,"54,170",Annually,US,Onlinedegree,2023-12-01
Copy Editor,"64,910",Annually,US,Onlinedegree,2023-12-01
Cosmetologist,"28,770",Annually,US,Onlinedegree,2023-12-01
Costume Designer,"73,180",Annually,US,Onlinedegree,2023-12-01
#N/A,#N/A,Annually,US,Onlinedegree,2023-12-01
Curator,"56,990",Annually,US,Onlinedegree,2023-12-01
Dance Professor,"76,710",Annually,US,Onlinedegree,2023-12-01
Drama Professor,"76,710",Annually,US,Onlinedegree,2023-12-01
Entertainment Lawyer,"136,260",Annually,US,Onlinedegree,2023-12-01
#N/A,#N/A,Annually,US,Onlinedegree,2023-12-01
Fashion Designer,"73,180",Annually,US,Onlinedegree,2023-12-01
Fashion Model,"37,240",Annually,US,Onlinedegree,2023-12-01
Fashion Stylist,"52,870",Annually,US,Onlinedegree,2023-12-01
Fitness Model,"37,240",Annually,US,Onlinedegree,2023-12-01
#N/A,#N/A,Annually,US,Onlinedegree,2023-12-01
Football Coach,"40,050",Annually,US,Onlinedegree,2023-12-01
Football Scout,"40,050",Annually,US,Onlinedegree,2023-12-01
Furniture Maker,"35,710",Annually,US,Onlinedegree,2023-12-01
Glass Blower,"35,710",Annually,US,Onlinedegree,2023-12-01
Go-Go Dancer,4.6%,Annually,US,Onlinedegree,2023-12-01
Goldsmith,"42,380",Annually,US,Onlinedegree,2023-12-01
#N/A,#N/A,Annually,US,Onlinedegree,2023-12-01
Hair Stylist,"28,770",Annually,US,Onlinedegree,2023-12-01
Hip Hop Dancer,4.6%,Annually,US,Onlinedegree,2023-12-01
Ice Sculpter,"54,170",Annually,US,Onlinedegree,2023-12-01
Illustrator,"54,170",Annually,US,Onlinedegree,2023-12-01
Immigration Lawyer,"136,260",Annually,US,Onlinedegree,2023-12-01
Interior Decorator,"55,510",Annually,US,Onlinedegree,2023-12-01
Interior Designer,"55,510",Annually,US,Onlinedegree,2023-12-01
#N/A,#N/A,Annually,US,Onlinedegree,2023-12-01
Landscape Architect,"68,600",Annually,US,Onlinedegree,2023-12-01
Lapidarist,"42,380",Annually,US,Onlinedegree,2023-12-01
Magazine Editor,"64,910",Annually,US,Onlinedegree,2023-12-01
Magician,7%,Annually,US,Onlinedegree,2023-12-01
Makeup Artist,"28,770",Annually,US,Onlinedegree,2023-12-01
Modeling Agent,"95,810",Annually,US,Onlinedegree,2023-12-01
Muralist,"54,170",Annually,US,Onlinedegree,2023-12-01
#N/A,#N/A,Annually,US,Onlinedegree,2023-12-01
Music Professor,"76,710",Annually,US,Onlinedegree,2023-12-01
News Anchor,"89,240",Annually,US,Onlinedegree,2023-12-01
Newspaper Editor,"64,910",Annually,US,Onlinedegree,2023-12-01
Nude Modeling,"37,240",Annually,US,Onlinedegree,2023-12-01
Photojournalist,"40,280",Annually,US,Onlinedegree,2023-12-01
Piano Tuner,"38,590",Annually,US,Onlinedegree,2023-12-01
Plus-Size Model,"37,240",Annually,US,Onlinedegree,2023-12-01
Potter,"31,690",Annually,US,Onlinedegree,2023-12-01
Professional Athlete,"80,490",Annually,US,Onlinedegree,2023-12-01
Professional Poker Player,7%,Annually,US,Onlinedegree,2023-12-01
Projectionist,"24,540",Annually,US,Onlinedegree,2023-12-01
Publishing Agent,"95,810",Annually,US,Onlinedegree,2023-12-01
Sculpter,"35,710",Annually,US,Onlinedegree,2023-12-01
Sports Agent,"95,810",Annually,US,Onlinedegree,2023-12-01
#N/A,#N/A,Annually,US,Onlinedegree,2023-12-01
Sports Photographer,"40,280",Annually,US,Onlinedegree,2023-12-01
Stuntman,7%,Annually,US,Onlinedegree,2023-12-01
#N/A,#N/A,Annually,US,Onlinedegree,2023-12-01
Talent Agent,"95,810",Annually,US,Onlinedegree,2023-12-01
Tattoo Artist,"62,130",Annually,US,Onlinedegree,2023-12-01
Theatrical Dancer,4.6%,Annually,US,Onlinedegree,2023-12-01
Video Game Designer,"70,300",Annually,US,Onlinedegree,2023-12-01
Visual Merchandiser,"29,790",Annually,US,Onlinedegree,2023-12-01
Weatherman News Anchor,"90,210",Annually,US,Onlinedegree,2023-12-01
Wedding Photographer,"40,280",Annually,US,Onlinedegree,2023-12-01
Auto Body Painter,"44,920",Annually,US,Onlinedegree,2023-12-01
Auto Body Technician,"44,590",Annually,US,Onlinedegree,2023-12-01
Auto Detailer,"23,940",Annually,US,Onlinedegree,2023-12-01
Auto Parts Salesman,"32,750",Annually,US,Onlinedegree,2023-12-01
Automotive Electrician,"33,500",Annually,US,Onlinedegree,2023-12-01
Automotive Mechanic,"40,720",Annually,US,Onlinedegree,2023-12-01
Car Designer,"69,820",Annually,US,Onlinedegree,2023-12-01
CNC Machinist,"42,120",Annually,US,Onlinedegree,2023-12-01
Diesel Mechanic,"46,110",Annually,US,Onlinedegree,2023-12-01
Electric Motor Mechanic,"43,760",Annually,US,Onlinedegree,2023-12-01
Electrical Engineer (EE),"97,340",Annually,US,Onlinedegree,2023-12-01
Farm Equipment Mechanic,"38,510",Annually,US,Onlinedegree,2023-12-01
Glazier,"45,420",Annually,US,Onlinedegree,2023-12-01
Graphic Designer,"51,640",Annually,US,Onlinedegree,2023-12-01
#N/A,#N/A,Annually,US,Onlinedegree,2023-12-01
Industrial Robotics Mechanic,"56,670",Annually,US,Onlinedegree,2023-12-01
Mechanical Drafter,"56,610",Annually,US,Onlinedegree,2023-12-01
Mechanical Engineer,"88,190",Annually,US,Onlinedegree,2023-12-01
#N/A,#N/A,Annually,US,Onlinedegree,2023-12-01
Plant Manager,"103,720",Annually,US,Onlinedegree,2023-12-01
Production Manager,"103,720",Annually,US,Onlinedegree,2023-12-01
Public Transit Bus Driver,"40,160",Annually,US,Onlinedegree,2023-12-01
Robotics Technician,"56,320",Annually,US,Onlinedegree,2023-12-01
Telecommunications Engineer,"102,390",Annually,US,Onlinedegree,2023-12-01
Tractor Mechanic,"38,510",Annually,US,Onlinedegree,2023-12-01
Valet,"22,520",Annually,US,Onlinedegree,2023-12-01
Windshield Repair Technician,"35,210",Annually,US,Onlinedegree,2023-12-01
Aerospace Engineer,"110,570",Annually,US,Onlinedegree,2023-12-01
Aerospace Technician,"68,620",Annually,US,Onlinedegree,2023-12-01
#N/A,#N/A,Annually,US,Onlinedegree,2023-12-01
Air Traffic Controller,"118,740",Annually,US,Onlinedegree,2023-12-01
Aircraft Cargo Supervisor,"48,870",Annually,US,Onlinedegree,2023-12-01
Aircraft Manufacturing,"51,040",Annually,US,Onlinedegree,2023-12-01
Aircraft Mechanic,"60,160",Annually,US,Onlinedegree,2023-12-01
Airfield Operations Specialist,"55,400",Annually,US,Onlinedegree,2023-12-01
Airline Pilot,"136,400",Annually,US,Onlinedegree,2023-12-01
Avionics Technician,"60,200",Annually,US,Onlinedegree,2023-12-01
#N/A,#N/A,Annually,US,Onlinedegree,2023-12-01
Charter Jet Pilot,"84,510",Annually,US,Onlinedegree,2023-12-01
CNC Machinist,"42,120",Annually,US,Onlinedegree,2023-12-01
Electrical Engineer (EE),"97,340",Annually,US,Onlinedegree,2023-12-01
Electrician,"55,590",Annually,US,Onlinedegree,2023-12-01
Helicopter Mechanic,"60,160",Annually,US,Onlinedegree,2023-12-01
Helicopter Pilot,"84,510",Annually,US,Onlinedegree,2023-12-01
Industrial Robotics Mechanic,"56,670",Annually,US,Onlinedegree,2023-12-01
Jet Engine Mechanic,"60,160",Annually,US,Onlinedegree,2023-12-01
Mechanical Drafter,"56,610",Annually,US,Onlinedegree,2023-12-01
Mechanical Engineer,"88,190",Annually,US,Onlinedegree,2023-12-01
Plant Manager,"103,720",Annually,US,Onlinedegree,2023-12-01
Production Manager,"103,720",Annually,US,Onlinedegree,2023-12-01
Robotics Technician,"56,320",Annually,US,Onlinedegree,2023-12-01
Stewardess,"46,750",Annually,US,Onlinedegree,2023-12-01
Telecommunications Engineer,"102,390",Annually,US,Onlinedegree,2023-12-01
Accounts Payable Clerk,"36,300",Annually,US,Onlinedegree,2023-12-01
Bank Branch Manager,"134,330",Annually,US,Onlinedegree,2023-12-01
Brand Manager,"140,660",Annually,US,Onlinedegree,2023-12-01
Business Analyst,"91,770",Annually,US,Onlinedegree,2023-12-01
Business Consultant,"91,770",Annually,US,Onlinedegree,2023-12-01
Business Intelligence Analyst,"87,310",Annually,US,Onlinedegree,2023-12-01
Census Worker,"32,930",Annually,US,Onlinedegree,2023-12-01
#N/A,#N/A,Annually,US,Onlinedegree,2023-12-01
Chief Financial Officer (CFO),"134,330",Annually,US,Onlinedegree,2023-12-01
Chief Risk Officer (CRO),"72,480",Annually,US,Onlinedegree,2023-12-01
Chinese Interpreter,"48,360",Annually,US,Onlinedegree,2023-12-01
Claims Clerk,"29,900",Annually,US,Onlinedegree,2023-12-01
Collections Agent,"36,600",Annually,US,Onlinedegree,2023-12-01
Commercial Loan Reviewer,"37,920",Annually,US,Onlinedegree,2023-12-01
Compliance Officer,"88,310",Annually,US,Onlinedegree,2023-12-01
Controller,"134,330",Annually,US,Onlinedegree,2023-12-01
Corporate Lawyer,"136,260",Annually,US,Onlinedegree,2023-12-01
Customer Service Rep,"34,560",Annually,US,Onlinedegree,2023-12-01
Customs Broker,"73,480",Annually,US,Onlinedegree,2023-12-01
Data Entry Clerk,"30,810",Annually,US,Onlinedegree,2023-12-01
Economist,"109,230",Annually,US,Onlinedegree,2023-12-01
Equal Employment Opportunity Officer,"69,180",Annually,US,Onlinedegree,2023-12-01
Estate Planning Lawyer,"136,260",Annually,US,Onlinedegree,2023-12-01
Event Planner,"51,200",Annually,US,Onlinedegree,2023-12-01
Facility Manager,"40,060",Annually,US,Onlinedegree,2023-12-01
Financial Analyst,"95,320",Annually,US,Onlinedegree,2023-12-01
Funeral Director,"52,990",Annually,US,Onlinedegree,2023-12-01
General Counsel,"136,260",Annually,US,Onlinedegree,2023-12-01
#N/A,#N/A,Annually,US,Onlinedegree,2023-12-01
Human Resources Specialist (HR),"65,100",Annually,US,Onlinedegree,2023-12-01
Industrial Organizational Psychologist (IO),"92,320",Annually,US,Onlinedegree,2023-12-01
Insurance Underwriter,"72,650",Annually,US,Onlinedegree,2023-12-01
IT Support,"52,430",Annually,US,Onlinedegree,2023-12-01
Labor Relations Specialist,"60,930",Annually,US,Onlinedegree,2023-12-01
Mail & Document Courier,"29,130",Annually,US,Onlinedegree,2023-12-01
Management Consultant,"91,770",Annually,US,Onlinedegree,2023-12-01
Market Research Analyst,"70,030",Annually,US,Onlinedegree,2023-12-01
Marketing Manager,"140,660",Annually,US,Onlinedegree,2023-12-01
Mortician,"52,990",Annually,US,Onlinedegree,2023-12-01
Mortuary Manager,"84,470",Annually,US,Onlinedegree,2023-12-01
Notary Public,"34,730",Annually,US,Onlinedegree,2023-12-01
Office Manager,"94,840",Annually,US,Onlinedegree,2023-12-01
Payroll Clerk,"42,130",Annually,US,Onlinedegree,2023-12-01
Payroll Manager,"56,170",Annually,US,Onlinedegree,2023-12-01
Receptionist,"31,890",Annually,US,Onlinedegree,2023-12-01
Regulatory Affairs Specialist,"69,180",Annually,US,Onlinedegree,2023-12-01
Retail Cashier,"20,990",Annually,US,Onlinedegree,2023-12-01
Retail Store Manager,"119,460",Annually,US,Onlinedegree,2023-12-01
Risk Management Director,"72,480",Annually,US,Onlinedegree,2023-12-01
Spanish Interpreter,"48,360",Annually,US,Onlinedegree,2023-12-01
Stock Brokerage Clerk,"51,640",Annually,US,Onlinedegree,2023-12-01
Tax Lawyer,"136,260",Annually,US,Onlinedegree,2023-12-01
Translator,"48,360",Annually,US,Onlinedegree,2023-12-01
Union Representative,"60,930",Annually,US,Onlinedegree,2023-12-01
Valet,"22,520",Annually,US,Onlinedegree,2023-12-01
Vocational Psychologist,"76,040",Annually,US,Onlinedegree,2023-12-01
3D Animator,"70,300",Annually,US,Onlinedegree,2023-12-01
Computer Programmer,"84,360",Annually,US,Onlinedegree,2023-12-01
Computer Repair Technician,"38,990",Annually,US,Onlinedegree,2023-12-01
Computer Scientist,"115,580",Annually,US,Onlinedegree,2023-12-01
Cryptographer Or Cryptologist,"112,560",Annually,US,Onlinedegree,2023-12-01
Database Administrator DBA,"84,250",Annually,US,Onlinedegree,2023-12-01
Electrical Engineer (EE),"97,340",Annually,US,Onlinedegree,2023-12-01
Graphic Designer,"51,640",Annually,US,Onlinedegree,2023-12-01
Healthcare Informatics Specialist,"90,180",Annually,US,Onlinedegree,2023-12-01
Information Security Analyst,"93,250",Annually,US,Onlinedegree,2023-12-01
IT Specialist,"42,140",Annually,US,Onlinedegree,2023-12-01
IT Support,"52,430",Annually,US,Onlinedegree,2023-12-01
Logo Designer,"51,640",Annually,US,Onlinedegree,2023-12-01
Network Security Analyst,"93,250",Annually,US,Onlinedegree,2023-12-01
Package Designer,"51,640",Annually,US,Onlinedegree,2023-12-01
PHP Developer,"84,360",Annually,US,Onlinedegree,2023-12-01
Python Developer,"84,360",Annually,US,Onlinedegree,2023-12-01
RFID Engineer,"102,390",Annually,US,Onlinedegree,2023-12-01
Robotics Engineer,"98,150",Annually,US,Onlinedegree,2023-12-01
Robotics Technician,"56,320",Annually,US,Onlinedegree,2023-12-01
SEO Specialist,"87,310",Annually,US,Onlinedegree,2023-12-01
Software Engineer,"84,360",Annually,US,Onlinedegree,2023-12-01
Video Game Designer,"70,300",Annually,US,Onlinedegree,2023-12-01
Video Game Programmer,"84,360",Annually,US,Onlinedegree,2023-12-01
Website Designer,"51,640",Annually,US,Onlinedegree,2023-12-01
WordPress Developer,"84,360",Annually,US,Onlinedegree,2023-12-01
Barista,"20,590",Annually,US,Onlinedegree,2023-12-01
Butcher,"30,940",Annually,US,Onlinedegree,2023-12-01
Cafeteria Cook,"25,560",Annually,US,Onlinedegree,2023-12-01
Catering Cook,"21,940",Annually,US,Onlinedegree,2023-12-01
#N/A,#N/A,Annually,US,Onlinedegree,2023-12-01
Pastry Chef,"26,270",Annually,US,Onlinedegree,2023-12-01
Personal Chef,"37,680",Annually,US,Onlinedegree,2023-12-01
Pizza Cook,"19,610",Annually,US,Onlinedegree,2023-12-01
Prep Cook,"19,710",Annually,US,Onlinedegree,2023-12-01
#N/A,#N/A,Annually,US,Onlinedegree,2023-12-01
#N/A,#N/A,Annually,US,Onlinedegree,2023-12-01
School Cafeteria Cook,"19,710",Annually,US,Onlinedegree,2023-12-01
Sous Chef,"45,920",Annually,US,Onlinedegree,2023-12-01
Sushi Chef,"45,920",Annually,US,Onlinedegree,2023-12-01
Dental Assistant,"36,920",Annually,US,Onlinedegree,2023-12-01
Dental Hygienist,"72,720",Annually,US,Onlinedegree,2023-12-01
Dental Lab Technician,"40,520",Annually,US,Onlinedegree,2023-12-01
Dentist,"172,350",Annually,US,Onlinedegree,2023-12-01
Endodontist,"171,040",Annually,US,Onlinedegree,2023-12-01
Oral Maxillofacial Pathologist,"171,040",Annually,US,Onlinedegree,2023-12-01
Oral Surgeon,"233,900",Annually,US,Onlinedegree,2023-12-01
Oral Surgeon Assistant,"36,920",Annually,US,Onlinedegree,2023-12-01
Orthodontic Assistant,"36,920",Annually,US,Onlinedegree,2023-12-01
Orthodontist,"221,390",Annually,US,Onlinedegree,2023-12-01
Pediatric Dentist,"171,040",Annually,US,Onlinedegree,2023-12-01
#N/A,#N/A,Annually,US,Onlinedegree,2023-12-01
Periodontist,"171,040",Annually,US,Onlinedegree,2023-12-01
Adult Education Teacher,"54,060",Annually,US,Onlinedegree,2023-12-01
Adult Ministry Director,"45,160",Annually,US,Onlinedegree,2023-12-01
Arabic Instructor,"69,520",Annually,US,Onlinedegree,2023-12-01
Assistant Principal,"92,940",Annually,US,Onlinedegree,2023-12-01
Athletic Director,"92,940",Annually,US,Onlinedegree,2023-12-01
Au Pair,"22,310",Annually,US,Onlinedegree,2023-12-01
Babysitter,"22,310",Annually,US,Onlinedegree,2023-12-01
Career Counselor,"56,490",Annually,US,Onlinedegree,2023-12-01
#N/A,#N/A,Annually,US,Onlinedegree,2023-12-01
Chinese Instructor,"69,520",Annually,US,Onlinedegree,2023-12-01
Climatology Professor,"92,540",Annually,US,Onlinedegree,2023-12-01
College Administrator,"102,610",Annually,US,Onlinedegree,2023-12-01
College Admissions Director,"102,610",Annually,US,Onlinedegree,2023-12-01
College Recruiter,"63,710",Annually,US,Onlinedegree,2023-12-01
Dance Professor,"76,710",Annually,US,Onlinedegree,2023-12-01
Day Care Worker,"22,310",Annually,US,Onlinedegree,2023-12-01
Daycare Director,"52,760",Annually,US,Onlinedegree,2023-12-01
Dean,"92,940",Annually,US,Onlinedegree,2023-12-01
Drama Professor,"76,710",Annually,US,Onlinedegree,2023-12-01
Elementary School Principal,"92,940",Annually,US,Onlinedegree,2023-12-01
Elementary School Teacher,"57,730",Annually,US,Onlinedegree,2023-12-01
English Second Language Professor (ESL),"68,200",Annually,US,Onlinedegree,2023-12-01
Facility Manager,"40,060",Annually,US,Onlinedegree,2023-12-01
French Instructor,"69,520",Annually,US,Onlinedegree,2023-12-01
High School Principal,"92,940",Annually,US,Onlinedegree,2023-12-01
Historian,"61,120",Annually,US,Onlinedegree,2023-12-01
Junior High Principal,"92,940",Annually,US,Onlinedegree,2023-12-01
Kindergarten Teacher,"54,510",Annually,US,Onlinedegree,2023-12-01
#N/A,#N/A,Annually,US,Onlinedegree,2023-12-01
Music Professor,"76,710",Annually,US,Onlinedegree,2023-12-01
Nanny,"22,310",Annually,US,Onlinedegree,2023-12-01
Occupational Therapist,"81,690",Annually,US,Onlinedegree,2023-12-01
Orientation & Mobility Specialist,"81,690",Annually,US,Onlinedegree,2023-12-01
Pastor,"48,150",Annually,US,Onlinedegree,2023-12-01
Pediatric Dentist,"171,040",Annually,US,Onlinedegree,2023-12-01
Pediatric Nurse,"101,260",Annually,US,Onlinedegree,2023-12-01
#N/A,#N/A,Annually,US,Onlinedegree,2023-12-01
Pediatrician,"183,180",Annually,US,Onlinedegree,2023-12-01
Preschool Administrator,"52,760",Annually,US,Onlinedegree,2023-12-01
Provost,"102,610",Annually,US,Onlinedegree,2023-12-01
Religious Education Coordinator,"45,160",Annually,US,Onlinedegree,2023-12-01
School Administrator,"82,970",Annually,US,Onlinedegree,2023-12-01
School Bus Driver,"30,580",Annually,US,Onlinedegree,2023-12-01
School Cafeteria Cook,"19,710",Annually,US,Onlinedegree,2023-12-01
School Crossing Guard,"27,730",Annually,US,Onlinedegree,2023-12-01
School Guidance Counselor,"56,490",Annually,US,Onlinedegree,2023-12-01
School Librarian,"58,930",Annually,US,Onlinedegree,2023-12-01
School Psychologist,"76,040",Annually,US,Onlinedegree,2023-12-01
School Superintendent,"92,940",Annually,US,Onlinedegree,2023-12-01
Sexual Abuse Therapist,"47,950",Annually,US,Onlinedegree,2023-12-01
Spanish Interpreter,"48,360",Annually,US,Onlinedegree,2023-12-01
Special Education Director,"92,940",Annually,US,Onlinedegree,2023-12-01
Special Education Professor,"68,200",Annually,US,Onlinedegree,2023-12-01
Speech Language Pathology Assistant (SLPA),"36,920",Annually,US,Onlinedegree,2023-12-01
Translator,"48,360",Annually,US,Onlinedegree,2023-12-01
#N/A,#N/A,Annually,US,Onlinedegree,2023-12-01
Chemical Engineer,"103,960",Annually,US,Onlinedegree,2023-12-01
Commercial Diver,"54,640",Annually,US,Onlinedegree,2023-12-01
Electric Utility Lineworker,"65,650",Annually,US,Onlinedegree,2023-12-01
Electrical Engineer (EE),"97,340",Annually,US,Onlinedegree,2023-12-01
Electrician,"55,590",Annually,US,Onlinedegree,2023-12-01
Geochemist,"105,720",Annually,US,Onlinedegree,2023-12-01
Geologist,"105,720",Annually,US,Onlinedegree,2023-12-01
Geophysicist,"105,720",Annually,US,Onlinedegree,2023-12-01
Hydrologist,"83,440",Annually,US,Onlinedegree,2023-12-01
Logger,"36,930",Annually,US,Onlinedegree,2023-12-01
Meter Reader,"40,900",Annually,US,Onlinedegree,2023-12-01
Millwright,"52,650",Annually,US,Onlinedegree,2023-12-01
Miner,"49,740",Annually,US,Onlinedegree,2023-12-01
Mining Engineer,"107,880",Annually,US,Onlinedegree,2023-12-01
Mining Machine Operator,"50,660",Annually,US,Onlinedegree,2023-12-01
Nuclear Chemist,"77,860",Annually,US,Onlinedegree,2023-12-01
Nuclear Engineer,"106,060",Annually,US,Onlinedegree,2023-12-01
Nuclear Technician,"78,850",Annually,US,Onlinedegree,2023-12-01
Oceanographer,"105,720",Annually,US,Onlinedegree,2023-12-01
Oil & Gas Derrick Operator,"50,710",Annually,US,Onlinedegree,2023-12-01
Oil Pipeline Job,"66,020",Annually,US,Onlinedegree,2023-12-01
Petroleum Engineer,"149,590",Annually,US,Onlinedegree,2023-12-01
Plant Manager,"103,720",Annually,US,Onlinedegree,2023-12-01
Production Manager,"103,720",Annually,US,Onlinedegree,2023-12-01
Regulatory Affairs Specialist,"69,180",Annually,US,Onlinedegree,2023-12-01
Robotics Technician,"56,320",Annually,US,Onlinedegree,2023-12-01
Solar Energy Engineer,"98,150",Annually,US,Onlinedegree,2023-12-01
Solar Panel Technician,"39,500",Annually,US,Onlinedegree,2023-12-01
Telecommunications Engineer,"102,390",Annually,US,Onlinedegree,2023-12-01
Timber Buyer,"37,420",Annually,US,Onlinedegree,2023-12-01
UAV Drone Technician,"56,320",Annually,US,Onlinedegree,2023-12-01
Underwater Welder,"54,640",Annually,US,Onlinedegree,2023-12-01
Unmanned Vehicle Technician,"56,320",Annually,US,Onlinedegree,2023-12-01
Wildlife Conservationist,"63,800",Annually,US,Onlinedegree,2023-12-01
Wind Energy Engineer,"98,150",Annually,US,Onlinedegree,2023-12-01
Windmill Mechanic,"41,120",Annually,US,Onlinedegree,2023-12-01
Aerospace Engineer,"110,570",Annually,US,Onlinedegree,2023-12-01
Agricultural Engineer,"78,490",Annually,US,Onlinedegree,2023-12-01
Biochemical Engineer,"91,230",Annually,US,Onlinedegree,2023-12-01
Broadcast Engineer,"44,050",Annually,US,Onlinedegree,2023-12-01
Car Designer,"69,820",Annually,US,Onlinedegree,2023-12-01
Ceramic Engineer,"94,690",Annually,US,Onlinedegree,2023-12-01
Chemical Engineer,"103,960",Annually,US,Onlinedegree,2023-12-01
Civil Engineer,"87,940",Annually,US,Onlinedegree,2023-12-01
Cryptographer Or Cryptologist,"112,560",Annually,US,Onlinedegree,2023-12-01
Crystallographer,"105,720",Annually,US,Onlinedegree,2023-12-01
Electrical Engineer (EE),"97,340",Annually,US,Onlinedegree,2023-12-01
Environmental Engineer,"88,040",Annually,US,Onlinedegree,2023-12-01
Ergonomist,"86,990",Annually,US,Onlinedegree,2023-12-01
Industrial Engineer,"86,990",Annually,US,Onlinedegree,2023-12-01
Manufacturing Engineer,"98,150",Annually,US,Onlinedegree,2023-12-01
Marine Engineer,"100,090",Annually,US,Onlinedegree,2023-12-01
Material Engineer,"94,690",Annually,US,Onlinedegree,2023-12-01
Material Scientist,"94,940",Annually,US,Onlinedegree,2023-12-01
Mathematician,"112,560",Annually,US,Onlinedegree,2023-12-01
Mechanical Drafter,"56,610",Annually,US,Onlinedegree,2023-12-01
Mechanical Engineer,"88,190",Annually,US,Onlinedegree,2023-12-01
Metallurgist,"94,690",Annually,US,Onlinedegree,2023-12-01
Naval Architect,"100,090",Annually,US,Onlinedegree,2023-12-01
Nuclear Engineer,"106,060",Annually,US,Onlinedegree,2023-12-01
Petroleum Engineer,"149,590",Annually,US,Onlinedegree,2023-12-01
Photonics Engineer,"98,150",Annually,US,Onlinedegree,2023-12-01
Process Engineer,"86,990",Annually,US,Onlinedegree,2023-12-01
Quality Assurance Engineer,"98,150",Annually,US,Onlinedegree,2023-12-01
RFID Engineer,"102,390",Annually,US,Onlinedegree,2023-12-01
Robotics Engineer,"98,150",Annually,US,Onlinedegree,2023-12-01
Solar Energy Engineer,"98,150",Annually,US,Onlinedegree,2023-12-01
Structural Engineer,"87,940",Annually,US,Onlinedegree,2023-12-01
Telecommunications Engineer,"102,390",Annually,US,Onlinedegree,2023-12-01
Transportation Engineer,"87,940",Annually,US,Onlinedegree,2023-12-01
Validation Engineer,"98,150",Annually,US,Onlinedegree,2023-12-01
Waste Management Engineer,"88,040",Annually,US,Onlinedegree,2023-12-01
Wind Energy Engineer,"98,150",Annually,US,Onlinedegree,2023-12-01
Climatologist,"90,210",Annually,US,Onlinedegree,2023-12-01
Climatology Professor,"92,540",Annually,US,Onlinedegree,2023-12-01
Conservation Officer,"54,970",Annually,US,Onlinedegree,2023-12-01
Electric Motor Mechanic,"43,760",Annually,US,Onlinedegree,2023-12-01
Environmental Engineer,"88,040",Annually,US,Onlinedegree,2023-12-01
Environmental Lawyer,"136,260",Annually,US,Onlinedegree,2023-12-01
Geochemist,"105,720",Annually,US,Onlinedegree,2023-12-01
Geographer,"74,920",Annually,US,Onlinedegree,2023-12-01
Geologist,"105,720",Annually,US,Onlinedegree,2023-12-01
Geophysicist,"105,720",Annually,US,Onlinedegree,2023-12-01
Glaciologist,"74,920",Annually,US,Onlinedegree,2023-12-01
Hydrologist,"83,440",Annually,US,Onlinedegree,2023-12-01
Landscape Architect,"68,600",Annually,US,Onlinedegree,2023-12-01
LEED Sustainability Specialist,"73,480",Annually,US,Onlinedegree,2023-12-01
Limnologist,"105,720",Annually,US,Onlinedegree,2023-12-01
Mycologist,"77,190",Annually,US,Onlinedegree,2023-12-01
Nuclear Engineer,"106,060",Annually,US,Onlinedegree,2023-12-01
Oceanographer,"105,720",Annually,US,Onlinedegree,2023-12-01
Paleontologist,"105,720",Annually,US,Onlinedegree,2023-12-01
Petrologist,"105,720",Annually,US,Onlinedegree,2023-12-01
Phycologist,"77,190",Annually,US,Onlinedegree,2023-12-01
Seismologist,"105,720",Annually,US,Onlinedegree,2023-12-01
Solar Energy Engineer,"98,150",Annually,US,Onlinedegree,2023-12-01
Solar Panel Technician,"39,500",Annually,US,Onlinedegree,2023-12-01
Timber Buyer,"37,420",Annually,US,Onlinedegree,2023-12-01
Volcanologist,"105,720",Annually,US,Onlinedegree,2023-12-01
Waste Management Engineer,"88,040",Annually,US,Onlinedegree,2023-12-01
Wildlife Conservationist,"63,800",Annually,US,Onlinedegree,2023-12-01
Wind Energy Engineer,"98,150",Annually,US,Onlinedegree,2023-12-01
Windmill Mechanic,"41,120",Annually,US,Onlinedegree,2023-12-01
Accountant,"75,280",Annually,US,Onlinedegree,2023-12-01
Accounts Payable Clerk,"36,300",Annually,US,Onlinedegree,2023-12-01
Auditor,"75,280",Annually,US,Onlinedegree,2023-12-01
Bank Branch Manager,"134,330",Annually,US,Onlinedegree,2023-12-01
Bank Courier,"29,130",Annually,US,Onlinedegree,2023-12-01
Bookkeeper,"38,990",Annually,US,Onlinedegree,2023-12-01
Budget Analyst,"75,150",Annually,US,Onlinedegree,2023-12-01
Business Analyst,"91,770",Annually,US,Onlinedegree,2023-12-01
Business Consultant,"91,770",Annually,US,Onlinedegree,2023-12-01
Business Intelligence Analyst,"87,310",Annually,US,Onlinedegree,2023-12-01
Chief Financial Officer (CFO),"134,330",Annually,US,Onlinedegree,2023-12-01
Commercial Loan Reviewer,"37,920",Annually,US,Onlinedegree,2023-12-01
Compliance Officer,"88,310",Annually,US,Onlinedegree,2023-12-01
Controller,"134,330",Annually,US,Onlinedegree,2023-12-01
Credit Analyst,"79,720",Annually,US,Onlinedegree,2023-12-01
Credit Counselor,"49,310",Annually,US,Onlinedegree,2023-12-01
Economist,"109,230",Annually,US,Onlinedegree,2023-12-01
Finance Director,"134,330",Annually,US,Onlinedegree,2023-12-01
Finance Manager,"118,050",Annually,US,Onlinedegree,2023-12-01
Financial Analyst,"95,320",Annually,US,Onlinedegree,2023-12-01
Financial Planner,"118,050",Annually,US,Onlinedegree,2023-12-01
Financial Services Representative,"35,820",Annually,US,Onlinedegree,2023-12-01
Loan Officer,"75,170",Annually,US,Onlinedegree,2023-12-01
Management Consultant,"91,770",Annually,US,Onlinedegree,2023-12-01
Mortgage Broker,"75,170",Annually,US,Onlinedegree,2023-12-01
Notary Public,"34,730",Annually,US,Onlinedegree,2023-12-01
#N/A,#N/A,Annually,US,Onlinedegree,2023-12-01
Regulatory Affairs Specialist,"69,180",Annually,US,Onlinedegree,2023-12-01
Stock Brokerage Clerk,"51,640",Annually,US,Onlinedegree,2023-12-01
Underwriter,"39,210",Annually,US,Onlinedegree,2023-12-01
Air Force Recruiter,"63,710",Annually,US,Onlinedegree,2023-12-01
Air Traffic Controller,"118,740",Annually,US,Onlinedegree,2023-12-01
Animal Cruelty Investigator,"35,330",Annually,US,Onlinedegree,2023-12-01
Auditor,"75,280",Annually,US,Onlinedegree,2023-12-01
Bacteriologist,"76,230",Annually,US,Onlinedegree,2023-12-01
Bailiff,"44,900",Annually,US,Onlinedegree,2023-12-01
Behavior Analyst,"45,080",Annually,US,Onlinedegree,2023-12-01
Building Inspector,"60,030",Annually,US,Onlinedegree,2023-12-01
#N/A,#N/A,Annually,US,Onlinedegree,2023-12-01
City Clerk,"38,230",Annually,US,Onlinedegree,2023-12-01
#N/A,#N/A,Annually,US,Onlinedegree,2023-12-01
Clinical Research Associate (CRA),"136,570",Annually,US,Onlinedegree,2023-12-01
Community Health Worker,"40,150",Annually,US,Onlinedegree,2023-12-01
Conservation Officer,"54,970",Annually,US,Onlinedegree,2023-12-01
Controller,"134,330",Annually,US,Onlinedegree,2023-12-01
Correctional Counselor,"45,080",Annually,US,Onlinedegree,2023-12-01
Correctional Officer,"45,320",Annually,US,Onlinedegree,2023-12-01
Court Interpreter,"48,360",Annually,US,Onlinedegree,2023-12-01
Court Reporter,"54,720",Annually,US,Onlinedegree,2023-12-01
Courtroom Clerk,"38,230",Annually,US,Onlinedegree,2023-12-01
Crime Scene Investigator,"79,620",Annually,US,Onlinedegree,2023-12-01
Criminal Intelligence Analyst,"79,620",Annually,US,Onlinedegree,2023-12-01
Curator,"56,990",Annually,US,Onlinedegree,2023-12-01
Disaster Response Director,"73,750",Annually,US,Onlinedegree,2023-12-01
#N/A,#N/A,Annually,US,Onlinedegree,2023-12-01
DMV Examiner,"69,180",Annually,US,Onlinedegree,2023-12-01
Economist,"109,230",Annually,US,Onlinedegree,2023-12-01
Environmental Engineer,"88,040",Annually,US,Onlinedegree,2023-12-01
Environmental Lawyer,"136,260",Annually,US,Onlinedegree,2023-12-01
Equal Employment Opportunity Officer,"69,180",Annually,US,Onlinedegree,2023-12-01
Facility Manager,"40,060",Annually,US,Onlinedegree,2023-12-01
FBI Agent,"79,620",Annually,US,Onlinedegree,2023-12-01
Fire Inspector,"59,800",Annually,US,Onlinedegree,2023-12-01
Fire Investigator,"59,800",Annually,US,Onlinedegree,2023-12-01
Firefighter,"49,330",Annually,US,Onlinedegree,2023-12-01
Forensic Scientist,"60,090",Annually,US,Onlinedegree,2023-12-01
Fraud Investigator,"72,480",Annually,US,Onlinedegree,2023-12-01
Geochemist,"105,720",Annually,US,Onlinedegree,2023-12-01
Geographer,"74,920",Annually,US,Onlinedegree,2023-12-01
Geologist,"105,720",Annually,US,Onlinedegree,2023-12-01
Geophysicist,"105,720",Annually,US,Onlinedegree,2023-12-01
Glaciologist,"74,920",Annually,US,Onlinedegree,2023-12-01
Helicopter Pilot,"84,510",Annually,US,Onlinedegree,2023-12-01
Historian,"61,120",Annually,US,Onlinedegree,2023-12-01
Home Inspector,"60,030",Annually,US,Onlinedegree,2023-12-01
#N/A,#N/A,Annually,US,Onlinedegree,2023-12-01
Human Resources Specialist (HR),"65,100",Annually,US,Onlinedegree,2023-12-01
Hydrogeologist,"136,570",Annually,US,Onlinedegree,2023-12-01
Hydrologist,"83,440",Annually,US,Onlinedegree,2023-12-01
Judicial Law Clerk,"59,910",Annually,US,Onlinedegree,2023-12-01
Kindergarten Teacher,"54,510",Annually,US,Onlinedegree,2023-12-01
LEED Sustainability Specialist,"73,480",Annually,US,Onlinedegree,2023-12-01
Marine Corps Recruiter,"63,710",Annually,US,Onlinedegree,2023-12-01
Marine Engineer,"100,090",Annually,US,Onlinedegree,2023-12-01
Medicare Benefits Caseworker,"43,040",Annually,US,Onlinedegree,2023-12-01
Mental Health Counselor,"45,080",Annually,US,Onlinedegree,2023-12-01
Naval Architect,"100,090",Annually,US,Onlinedegree,2023-12-01
Oceanographer,"105,720",Annually,US,Onlinedegree,2023-12-01
#N/A,#N/A,Annually,US,Onlinedegree,2023-12-01
Photonics Engineer,"98,150",Annually,US,Onlinedegree,2023-12-01
Police Detective,"79,620",Annually,US,Onlinedegree,2023-12-01
Police Records Clerk,"29,900",Annually,US,Onlinedegree,2023-12-01
Prison Guard,"45,320",Annually,US,Onlinedegree,2023-12-01
Real Estate Assessor,"58,400",Annually,US,Onlinedegree,2023-12-01
School Bus Driver,"30,580",Annually,US,Onlinedegree,2023-12-01
Seismologist,"105,720",Annually,US,Onlinedegree,2023-12-01
Social Security Benefits Caseworker,"43,040",Annually,US,Onlinedegree,2023-12-01
Telecommunications Engineer,"102,390",Annually,US,Onlinedegree,2023-12-01
Translator,"48,360",Annually,US,Onlinedegree,2023-12-01
U.S. Customs Inspector,"79,620",Annually,US,Onlinedegree,2023-12-01
UAV Drone Technician,"56,320",Annually,US,Onlinedegree,2023-12-01
Unemployment Benefits Caseworker,"43,040",Annually,US,Onlinedegree,2023-12-01
Unmanned Vehicle Technician,"56,320",Annually,US,Onlinedegree,2023-12-01
Virologist,"76,230",Annually,US,Onlinedegree,2023-12-01
Volcanologist,"105,720",Annually,US,Onlinedegree,2023-12-01
Waste Management Engineer,"88,040",Annually,US,Onlinedegree,2023-12-01
Welfare Caseworker,"43,040",Annually,US,Onlinedegree,2023-12-01
Wildlife Conservationist,"63,800",Annually,US,Onlinedegree,2023-12-01
Windmill Mechanic,"41,120",Annually,US,Onlinedegree,2023-12-01
Airbnb Property Manager,"57,810",Annually,US,Onlinedegree,2023-12-01
Bar Back,"21,400",Annually,US,Onlinedegree,2023-12-01
Bar Manager,"33,330",Annually,US,Onlinedegree,2023-12-01
Bartender,"24,110",Annually,US,Onlinedegree,2023-12-01
#N/A,#N/A,Annually,US,Onlinedegree,2023-12-01
Belly Dancer,4.6%,Annually,US,Onlinedegree,2023-12-01
Blackjack Dealer,"21,810",Annually,US,Onlinedegree,2023-12-01
Bookie,"26,170",Annually,US,Onlinedegree,2023-12-01
#N/A,#N/A,Annually,US,Onlinedegree,2023-12-01
Butler,"24,950",Annually,US,Onlinedegree,2023-12-01
Casino Cashier,"27,780",Annually,US,Onlinedegree,2023-12-01
Casino Dealer,"21,810",Annually,US,Onlinedegree,2023-12-01
Casino Employee,"26,380",Annually,US,Onlinedegree,2023-12-01
#N/A,#N/A,Annually,US,Onlinedegree,2023-12-01
Casino Pit Boss,"50,130",Annually,US,Onlinedegree,2023-12-01
Casino Surveillance Officer,"33,880",Annually,US,Onlinedegree,2023-12-01
Charter Jet Pilot,"84,510",Annually,US,Onlinedegree,2023-12-01
Craps Dealer,"21,810",Annually,US,Onlinedegree,2023-12-01
Enologist,"72,030",Annually,US,Onlinedegree,2023-12-01
#N/A,#N/A,Annually,US,Onlinedegree,2023-12-01
Facility Manager,"40,060",Annually,US,Onlinedegree,2023-12-01
Fry Cook Operator,"29,430",Annually,US,Onlinedegree,2023-12-01
Go-Go Dancer,4.6%,Annually,US,Onlinedegree,2023-12-01
Greenskeeper,"27,460",Annually,US,Onlinedegree,2023-12-01
Greeter,"20,530",Annually,US,Onlinedegree,2023-12-01
Host Or Hostess,"20,530",Annually,US,Onlinedegree,2023-12-01
Hotel Bellhop,"24,430",Annually,US,Onlinedegree,2023-12-01
Hotel Concierge,"30,870",Annually,US,Onlinedegree,2023-12-01
Hotel Manager,"57,810",Annually,US,Onlinedegree,2023-12-01
Housekeeper,"22,990",Annually,US,Onlinedegree,2023-12-01
Housekeeping Supervisor,"40,060",Annually,US,Onlinedegree,2023-12-01
Lifeguard,"21,930",Annually,US,Onlinedegree,2023-12-01
#N/A,#N/A,Annually,US,Onlinedegree,2023-12-01
Massage Therapist,"43,170",Annually,US,Onlinedegree,2023-12-01
Poker Dealer,"21,810",Annually,US,Onlinedegree,2023-12-01
Restaurant Manager,"33,330",Annually,US,Onlinedegree,2023-12-01
Shoe Shiner,"24,950",Annually,US,Onlinedegree,2023-12-01
Ski Patrol,"21,930",Annually,US,Onlinedegree,2023-12-01
Theatrical Dancer,4.6%,Annually,US,Onlinedegree,2023-12-01
Actuary,"110,560",Annually,US,Onlinedegree,2023-12-01
Auto Damage Appraiser,"65,300",Annually,US,Onlinedegree,2023-12-01
Chief Risk Officer (CRO),"72,480",Annually,US,Onlinedegree,2023-12-01
Claims Adjuster,"64,300",Annually,US,Onlinedegree,2023-12-01
Claims Clerk,"29,900",Annually,US,Onlinedegree,2023-12-01
Fraud Investigator,"72,480",Annually,US,Onlinedegree,2023-12-01
Health Insurance Agent,"64,790",Annually,US,Onlinedegree,2023-12-01
#N/A,#N/A,Annually,US,Onlinedegree,2023-12-01
Insurance Appraiser,"65,300",Annually,US,Onlinedegree,2023-12-01
Insurance Underwriter,"72,650",Annually,US,Onlinedegree,2023-12-01
Life Insurance Agent,"64,790",Annually,US,Onlinedegree,2023-12-01
Risk Management Director,"72,480",Annually,US,Onlinedegree,2023-12-01
Arbitrator,"69,060",Annually,US,Onlinedegree,2023-12-01
Bail Bondsman,"72,480",Annually,US,Onlinedegree,2023-12-01
Bailiff,"44,900",Annually,US,Onlinedegree,2023-12-01
Casino Surveillance Officer,"33,880",Annually,US,Onlinedegree,2023-12-01
Chief Risk Officer (CRO),"72,480",Annually,US,Onlinedegree,2023-12-01
Civil Rights Lawyer,"136,260",Annually,US,Onlinedegree,2023-12-01
Conservation Officer,"54,970",Annually,US,Onlinedegree,2023-12-01
Corporate Lawyer,"136,260",Annually,US,Onlinedegree,2023-12-01
Correctional Counselor,"45,080",Annually,US,Onlinedegree,2023-12-01
Correctional Officer,"45,320",Annually,US,Onlinedegree,2023-12-01
Court Interpreter,"48,360",Annually,US,Onlinedegree,2023-12-01
Court Reporter,"54,720",Annually,US,Onlinedegree,2023-12-01
Courtroom Clerk,"38,230",Annually,US,Onlinedegree,2023-12-01
Crime Scene Investigator,"79,620",Annually,US,Onlinedegree,2023-12-01
Criminal Intelligence Analyst,"79,620",Annually,US,Onlinedegree,2023-12-01
Defense Attorney,"136,260",Annually,US,Onlinedegree,2023-12-01
#N/A,#N/A,Annually,US,Onlinedegree,2023-12-01
Entertainment Lawyer,"136,260",Annually,US,Onlinedegree,2023-12-01
Environmental Lawyer,"136,260",Annually,US,Onlinedegree,2023-12-01
Estate Planning Lawyer,"136,260",Annually,US,Onlinedegree,2023-12-01
FBI Agent,"79,620",Annually,US,Onlinedegree,2023-12-01
Fire Investigator,"59,800",Annually,US,Onlinedegree,2023-12-01
Forensic Scientist,"60,090",Annually,US,Onlinedegree,2023-12-01
Fraud Investigator,"72,480",Annually,US,Onlinedegree,2023-12-01
General Counsel,"136,260",Annually,US,Onlinedegree,2023-12-01
Immigration Lawyer,"136,260",Annually,US,Onlinedegree,2023-12-01
Judge,"93,140",Annually,US,Onlinedegree,2023-12-01
Judicial Law Clerk,"59,910",Annually,US,Onlinedegree,2023-12-01
#N/A,#N/A,Annually,US,Onlinedegree,2023-12-01
Meter Maid,"38,280",Annually,US,Onlinedegree,2023-12-01
Odontologist,"93,730",Annually,US,Onlinedegree,2023-12-01
Paralegal,"52,390",Annually,US,Onlinedegree,2023-12-01
Parking Enforcement,"38,280",Annually,US,Onlinedegree,2023-12-01
Police Detective,"79,620",Annually,US,Onlinedegree,2023-12-01
Prison Guard,"45,320",Annually,US,Onlinedegree,2023-12-01
Public Defender,"136,260",Annually,US,Onlinedegree,2023-12-01
Real Estate Lawyer,"136,260",Annually,US,Onlinedegree,2023-12-01
Risk Management Director,"72,480",Annually,US,Onlinedegree,2023-12-01
Serologist,"93,730",Annually,US,Onlinedegree,2023-12-01
Tax Lawyer,"136,260",Annually,US,Onlinedegree,2023-12-01
Toxicologist,"93,730",Annually,US,Onlinedegree,2023-12-01
Translator,"48,360",Annually,US,Onlinedegree,2023-12-01
#N/A,#N/A,Annually,US,Onlinedegree,2023-12-01
U.S. Customs Inspector,"79,620",Annually,US,Onlinedegree,2023-12-01
24hr Fitness Instructor,"40,970",Annually,US,Onlinedegree,2023-12-01
Aerobics Instructor,"40,970",Annually,US,Onlinedegree,2023-12-01
Astronomer,"110,220",Annually,US,Onlinedegree,2023-12-01
Astrophysicist,"110,220",Annually,US,Onlinedegree,2023-12-01
Athletic Trainer,"46,940",Annually,US,Onlinedegree,2023-12-01
Bacteriologist,"76,230",Annually,US,Onlinedegree,2023-12-01
Biochemist,"93,390",Annually,US,Onlinedegree,2023-12-01
Biological Laboratory Technician,"45,230",Annually,US,Onlinedegree,2023-12-01
Biologist,"77,190",Annually,US,Onlinedegree,2023-12-01
Biophysicist,"93,390",Annually,US,Onlinedegree,2023-12-01
Botanist,"77,190",Annually,US,Onlinedegree,2023-12-01
Chemical Laboratory Analyst,"48,730",Annually,US,Onlinedegree,2023-12-01
Chemist,"77,860",Annually,US,Onlinedegree,2023-12-01
Climatologist,"90,210",Annually,US,Onlinedegree,2023-12-01
Climatology Professor,"92,540",Annually,US,Onlinedegree,2023-12-01
Crossfit Instructor,"40,970",Annually,US,Onlinedegree,2023-12-01
Crystallographer,"105,720",Annually,US,Onlinedegree,2023-12-01
Dietitian,"58,410",Annually,US,Onlinedegree,2023-12-01
Embryologist,"77,190",Annually,US,Onlinedegree,2023-12-01
#N/A,#N/A,Annually,US,Onlinedegree,2023-12-01
Food Scientist,"72,030",Annually,US,Onlinedegree,2023-12-01
Forensic Scientist,"60,090",Annually,US,Onlinedegree,2023-12-01
Gemologist,"42,380",Annually,US,Onlinedegree,2023-12-01
Geneticist,"77,190",Annually,US,Onlinedegree,2023-12-01
Geochemist,"105,720",Annually,US,Onlinedegree,2023-12-01
Geographer,"74,920",Annually,US,Onlinedegree,2023-12-01
Geologist,"105,720",Annually,US,Onlinedegree,2023-12-01
Geophysicist,"105,720",Annually,US,Onlinedegree,2023-12-01
Glaciologist,"74,920",Annually,US,Onlinedegree,2023-12-01
Hydrogeologist,"136,570",Annually,US,Onlinedegree,2023-12-01
Hydrologist,"83,440",Annually,US,Onlinedegree,2023-12-01
#N/A,#N/A,Annually,US,Onlinedegree,2023-12-01
Limnologist,"105,720",Annually,US,Onlinedegree,2023-12-01
Meteorologist,"90,210",Annually,US,Onlinedegree,2023-12-01
Mining Engineer,"107,880",Annually,US,Onlinedegree,2023-12-01
Molecular Biologist,"76,230",Annually,US,Onlinedegree,2023-12-01
Mycologist,"77,190",Annually,US,Onlinedegree,2023-12-01
Nuclear Chemist,"77,860",Annually,US,Onlinedegree,2023-12-01
Nuclear Engineer,"106,060",Annually,US,Onlinedegree,2023-12-01
Nuclear Technician,"78,850",Annually,US,Onlinedegree,2023-12-01
Nutritionist,"58,410",Annually,US,Onlinedegree,2023-12-01
Oceanographer,"105,720",Annually,US,Onlinedegree,2023-12-01
Oral Maxillofacial Pathologist,"171,040",Annually,US,Onlinedegree,2023-12-01
Organic Chemist,"77,860",Annually,US,Onlinedegree,2023-12-01
Paleontologist,"105,720",Annually,US,Onlinedegree,2023-12-01
Personal Trainer,"40,970",Annually,US,Onlinedegree,2023-12-01
Petrologist,"105,720",Annually,US,Onlinedegree,2023-12-01
Photonics Engineer,"98,150",Annually,US,Onlinedegree,2023-12-01
Phycologist,"77,190",Annually,US,Onlinedegree,2023-12-01
Phytopathologist,"77,190",Annually,US,Onlinedegree,2023-12-01
Pilates Instructor,"40,970",Annually,US,Onlinedegree,2023-12-01
Pole Fitness Instructor,"40,970",Annually,US,Onlinedegree,2023-12-01
Seismologist,"105,720",Annually,US,Onlinedegree,2023-12-01
Solar Energy Engineer,"98,150",Annually,US,Onlinedegree,2023-12-01
#N/A,#N/A,Annually,US,Onlinedegree,2023-12-01
Storm Chaser,"90,210",Annually,US,Onlinedegree,2023-12-01
Strength Weight Trainer,"40,970",Annually,US,Onlinedegree,2023-12-01
Swimming Class Instructor,"40,970",Annually,US,Onlinedegree,2023-12-01
Virologist,"76,230",Annually,US,Onlinedegree,2023-12-01
Volcanologist,"105,720",Annually,US,Onlinedegree,2023-12-01
Wind Energy Engineer,"98,150",Annually,US,Onlinedegree,2023-12-01
Yoga Instructor,"40,970",Annually,US,Onlinedegree,2023-12-01
Zumba Instructor,"40,970",Annually,US,Onlinedegree,2023-12-01
Aircraft Manufacturing,"51,040",Annually,US,Onlinedegree,2023-12-01
Blacksmith,"36,910",Annually,US,Onlinedegree,2023-12-01
Boilermaker,"60,660",Annually,US,Onlinedegree,2023-12-01
Car Designer,"69,820",Annually,US,Onlinedegree,2023-12-01
Ceramic Engineer,"94,690",Annually,US,Onlinedegree,2023-12-01
Ceramic Pottery Maker,"35,710",Annually,US,Onlinedegree,2023-12-01
Chemical Engineer,"103,960",Annually,US,Onlinedegree,2023-12-01
Chemical Plant Operator,"59,070",Annually,US,Onlinedegree,2023-12-01
Cigar Roller,"31,690",Annually,US,Onlinedegree,2023-12-01
CNC Machine Operator,"38,720",Annually,US,Onlinedegree,2023-12-01
CNC Machinist,"42,120",Annually,US,Onlinedegree,2023-12-01
CNC Programmer,"39,620",Annually,US,Onlinedegree,2023-12-01
Cost Estimator,"64,810",Annually,US,Onlinedegree,2023-12-01
Customs Broker,"73,480",Annually,US,Onlinedegree,2023-12-01
Electrical Engineer (EE),"97,340",Annually,US,Onlinedegree,2023-12-01
Ergonomist,"86,990",Annually,US,Onlinedegree,2023-12-01
Fabricator,"48,210",Annually,US,Onlinedegree,2023-12-01
Facility Manager,"40,060",Annually,US,Onlinedegree,2023-12-01
Factory Worker,"29,920",Annually,US,Onlinedegree,2023-12-01
Fashion Designer,"73,180",Annually,US,Onlinedegree,2023-12-01
Fiberglass Fabricator,"30,760",Annually,US,Onlinedegree,2023-12-01
Food Scientist,"72,030",Annually,US,Onlinedegree,2023-12-01
Foundry Worker,"33,930",Annually,US,Onlinedegree,2023-12-01
Furniture Maker,"35,710",Annually,US,Onlinedegree,2023-12-01
Glass Blower,"35,710",Annually,US,Onlinedegree,2023-12-01
Glazier,"45,420",Annually,US,Onlinedegree,2023-12-01
Graphic Designer,"51,640",Annually,US,Onlinedegree,2023-12-01
Industrial Engineer,"86,990",Annually,US,Onlinedegree,2023-12-01
Industrial Machinery Mechanic,"51,470",Annually,US,Onlinedegree,2023-12-01
#N/A,#N/A,Annually,US,Onlinedegree,2023-12-01
Industrial Robotics Mechanic,"56,670",Annually,US,Onlinedegree,2023-12-01
Kiln Operator,"36,970",Annually,US,Onlinedegree,2023-12-01
Line Operator,"35,100",Annually,US,Onlinedegree,2023-12-01
Logistics Job Specialist,"77,470",Annually,US,Onlinedegree,2023-12-01
Machinist,"37,660",Annually,US,Onlinedegree,2023-12-01
Manufacturing Engineer,"98,150",Annually,US,Onlinedegree,2023-12-01
Material Engineer,"94,690",Annually,US,Onlinedegree,2023-12-01
Material Scientist,"94,940",Annually,US,Onlinedegree,2023-12-01
Mechanical Drafter,"56,610",Annually,US,Onlinedegree,2023-12-01
Mechanical Engineer,"88,190",Annually,US,Onlinedegree,2023-12-01
Metallurgist,"94,690",Annually,US,Onlinedegree,2023-12-01
Millwright,"52,650",Annually,US,Onlinedegree,2023-12-01
Motor Boat Builder,"30,760",Annually,US,Onlinedegree,2023-12-01
Package Designer,"51,640",Annually,US,Onlinedegree,2023-12-01
Photonics Engineer,"98,150",Annually,US,Onlinedegree,2023-12-01
Plant Manager,"103,720",Annually,US,Onlinedegree,2023-12-01
Potter,"31,690",Annually,US,Onlinedegree,2023-12-01
Process Engineer,"86,990",Annually,US,Onlinedegree,2023-12-01
Production Manager,"103,720",Annually,US,Onlinedegree,2023-12-01
Quality Assurance Engineer,"98,150",Annually,US,Onlinedegree,2023-12-01
Quality Assurance Specialist (QA),"39,410",Annually,US,Onlinedegree,2023-12-01
Regulatory Affairs Specialist,"69,180",Annually,US,Onlinedegree,2023-12-01
RFID Engineer,"102,390",Annually,US,Onlinedegree,2023-12-01
Robotics Engineer,"98,150",Annually,US,Onlinedegree,2023-12-01
Robotics Technician,"56,320",Annually,US,Onlinedegree,2023-12-01
Sailboat Builder,"30,760",Annually,US,Onlinedegree,2023-12-01
Sculpter,"35,710",Annually,US,Onlinedegree,2023-12-01
Supply Chain Analyst,"77,470",Annually,US,Onlinedegree,2023-12-01
Telecommunications Engineer,"102,390",Annually,US,Onlinedegree,2023-12-01
Validation Engineer,"98,150",Annually,US,Onlinedegree,2023-12-01
Valve Technician,"55,760",Annually,US,Onlinedegree,2023-12-01
Warehouse Jobs Worker,"27,840",Annually,US,Onlinedegree,2023-12-01
Acupuncturist,"85,120",Annually,US,Onlinedegree,2023-12-01
Ambulance Driver,"25,470",Annually,US,Onlinedegree,2023-12-01
Anesthesiologist,"258,100",Annually,US,Onlinedegree,2023-12-01
Apothecary,"119,270",Annually,US,Onlinedegree,2023-12-01
Athletic Trainer,"46,940",Annually,US,Onlinedegree,2023-12-01
Bacteriologist,"76,230",Annually,US,Onlinedegree,2023-12-01
Behavior Analyst,"45,080",Annually,US,Onlinedegree,2023-12-01
Biochemical Engineer,"91,230",Annually,US,Onlinedegree,2023-12-01
Biochemist,"93,390",Annually,US,Onlinedegree,2023-12-01
Biological Laboratory Technician,"45,230",Annually,US,Onlinedegree,2023-12-01
Biologist,"77,190",Annually,US,Onlinedegree,2023-12-01
Biophysicist,"93,390",Annually,US,Onlinedegree,2023-12-01
Cardiovascular Technologist,"56,100",Annually,US,Onlinedegree,2023-12-01
Caregiver,"22,870",Annually,US,Onlinedegree,2023-12-01
Certified Nurse Assistant,"26,820",Annually,US,Onlinedegree,2023-12-01
Chemical Laboratory Analyst,"48,730",Annually,US,Onlinedegree,2023-12-01
Chiropractic Assistant,"31,910",Annually,US,Onlinedegree,2023-12-01
Chiropractor,"78,370",Annually,US,Onlinedegree,2023-12-01
#N/A,#N/A,Annually,US,Onlinedegree,2023-12-01
Clinical Research Associate (CRA),"136,570",Annually,US,Onlinedegree,2023-12-01
Clinical Social Worker,"54,020",Annually,US,Onlinedegree,2023-12-01
Community Health Worker,"40,150",Annually,US,Onlinedegree,2023-12-01
Cytotechnologist,"61,860",Annually,US,Onlinedegree,2023-12-01
Dentist,"172,350",Annually,US,Onlinedegree,2023-12-01
Dietetic Technician,"29,170",Annually,US,Onlinedegree,2023-12-01
Dietitian,"58,410",Annually,US,Onlinedegree,2023-12-01
Doula,"24,950",Annually,US,Onlinedegree,2023-12-01
EKG Technologist,"56,100",Annually,US,Onlinedegree,2023-12-01
Embryologist,"77,190",Annually,US,Onlinedegree,2023-12-01
Emergency Medical Technician (EMT),"35,430",Annually,US,Onlinedegree,2023-12-01
Exercise Physiologist,"49,740",Annually,US,Onlinedegree,2023-12-01
Facility Manager,"40,060",Annually,US,Onlinedegree,2023-12-01
Family Medicine Doctor,"192,120",Annually,US,Onlinedegree,2023-12-01
General Practitioner,"192,120",Annually,US,Onlinedegree,2023-12-01
Geneticist,"77,190",Annually,US,Onlinedegree,2023-12-01
Gerontologist,"93,730",Annually,US,Onlinedegree,2023-12-01
Healthcare Administrator,"106,070",Annually,US,Onlinedegree,2023-12-01
Healthcare Informatics Specialist,"90,180",Annually,US,Onlinedegree,2023-12-01
Hearing Specialist,"52,850",Annually,US,Onlinedegree,2023-12-01
Herbalist,"56,400",Annually,US,Onlinedegree,2023-12-01
Histologist,"93,730",Annually,US,Onlinedegree,2023-12-01
Histotechnician,"41,420",Annually,US,Onlinedegree,2023-12-01
Histotechnologist,"61,860",Annually,US,Onlinedegree,2023-12-01
Hospital Social Worker,"54,020",Annually,US,Onlinedegree,2023-12-01
Hypnotherapist,"85,120",Annually,US,Onlinedegree,2023-12-01
Internal Medicine Doctor (Internist),"196,520",Annually,US,Onlinedegree,2023-12-01
#N/A,#N/A,Annually,US,Onlinedegree,2023-12-01
Licensed Practical Nurse (LPN),"44,030",Annually,US,Onlinedegree,2023-12-01
Licensed Vocational Nurse (LVN),"44,030",Annually,US,Onlinedegree,2023-12-01
Lifeguard,"21,930",Annually,US,Onlinedegree,2023-12-01
Massage Therapist,"43,170",Annually,US,Onlinedegree,2023-12-01
Medical Assistant,"31,910",Annually,US,Onlinedegree,2023-12-01
Medical Interpreter,"48,360",Annually,US,Onlinedegree,2023-12-01
Medical Records Clerk,"29,900",Annually,US,Onlinedegree,2023-12-01
Medical Records Technician,"40,430",Annually,US,Onlinedegree,2023-12-01
Medical Secretary,"34,330",Annually,US,Onlinedegree,2023-12-01
Medical Social Worker,"54,020",Annually,US,Onlinedegree,2023-12-01
Medical Technologist,"45,730",Annually,US,Onlinedegree,2023-12-01
Medical Transcriptionist,"35,720",Annually,US,Onlinedegree,2023-12-01
Mental Health Counselor,"45,080",Annually,US,Onlinedegree,2023-12-01
Midwife,"93,610",Annually,US,Onlinedegree,2023-12-01
Molecular Biologist,"76,230",Annually,US,Onlinedegree,2023-12-01
MRI Technician (Tech),"68,340",Annually,US,Onlinedegree,2023-12-01
Mycologist,"77,190",Annually,US,Onlinedegree,2023-12-01
Naturopathic Doctor,"85,120",Annually,US,Onlinedegree,2023-12-01
Neurodiagnostic Technologist,"45,730",Annually,US,Onlinedegree,2023-12-01
Neuroscientist,"93,730",Annually,US,Onlinedegree,2023-12-01
Nuclear Medicine Technologist,"74,990",Annually,US,Onlinedegree,2023-12-01
Nurse Anesthetist,"160,250",Annually,US,Onlinedegree,2023-12-01
Nurse Practitioner (NP),"101,260",Annually,US,Onlinedegree,2023-12-01
Nursing Home Administrator,"106,070",Annually,US,Onlinedegree,2023-12-01
Nutritionist,"58,410",Annually,US,Onlinedegree,2023-12-01
Obstetrician Gynecologist (OBGYN),"222,400",Annually,US,Onlinedegree,2023-12-01
Occupational Therapist,"81,690",Annually,US,Onlinedegree,2023-12-01
Occupational Therapy Assistant,"58,340",Annually,US,Onlinedegree,2023-12-01
Odontologist,"93,730",Annually,US,Onlinedegree,2023-12-01
Ophthalmic Technician,"45,730",Annually,US,Onlinedegree,2023-12-01
Optician,"36,820",Annually,US,Onlinedegree,2023-12-01
Optometrist,"115,750",Annually,US,Onlinedegree,2023-12-01
Optometrist Assistant,"31,910",Annually,US,Onlinedegree,2023-12-01
Oral Maxillofacial Pathologist,"171,040",Annually,US,Onlinedegree,2023-12-01
Oral Surgeon,"233,900",Annually,US,Onlinedegree,2023-12-01
Organic Chemist,"77,860",Annually,US,Onlinedegree,2023-12-01
Orientation & Mobility Specialist,"81,690",Annually,US,Onlinedegree,2023-12-01
Orthoptist,"85,120",Annually,US,Onlinedegree,2023-12-01
Orthotist,"69,960",Annually,US,Onlinedegree,2023-12-01
Patient Coordinator,"34,330",Annually,US,Onlinedegree,2023-12-01
Pediatric Nurse,"101,260",Annually,US,Onlinedegree,2023-12-01
Pediatrician,"183,180",Annually,US,Onlinedegree,2023-12-01
Pedorthist,"69,960",Annually,US,Onlinedegree,2023-12-01
Perfusionist,"45,730",Annually,US,Onlinedegree,2023-12-01
Pharmacist,"119,270",Annually,US,Onlinedegree,2023-12-01
Pharmacist Assistant,"27,460",Annually,US,Onlinedegree,2023-12-01
Pharmacologist,"93,730",Annually,US,Onlinedegree,2023-12-01
Pharmacy Technician,"31,680",Annually,US,Onlinedegree,2023-12-01
Phlebotomist,"32,770",Annually,US,Onlinedegree,2023-12-01
Polysomnographic Technologist,"45,730",Annually,US,Onlinedegree,2023-12-01
Prosthetist,"69,960",Annually,US,Onlinedegree,2023-12-01
Radiology Technician,"45,730",Annually,US,Onlinedegree,2023-12-01
Regulatory Affairs Specialist,"69,180",Annually,US,Onlinedegree,2023-12-01
Serologist,"93,730",Annually,US,Onlinedegree,2023-12-01
Sonographer,"70,880",Annually,US,Onlinedegree,2023-12-01
Speech Language Pathology Assistant (SLPA),"36,920",Annually,US,Onlinedegree,2023-12-01
#N/A,#N/A,Annually,US,Onlinedegree,2023-12-01
Toxicologist,"93,730",Annually,US,Onlinedegree,2023-12-01
Ultrasound Technician,"70,880",Annually,US,Onlinedegree,2023-12-01
Virologist,"76,230",Annually,US,Onlinedegree,2023-12-01
X Ray Technician,"45,730",Annually,US,Onlinedegree,2023-12-01
Building Inspector,"60,030",Annually,US,Onlinedegree,2023-12-01
Credit Analyst,"79,720",Annually,US,Onlinedegree,2023-12-01
Home Inspector,"60,030",Annually,US,Onlinedegree,2023-12-01
Interior Decorator,"55,510",Annually,US,Onlinedegree,2023-12-01
Interior Designer,"55,510",Annually,US,Onlinedegree,2023-12-01
Mortgage Broker,"75,170",Annually,US,Onlinedegree,2023-12-01
Notary Public,"34,730",Annually,US,Onlinedegree,2023-12-01
Real Estate Appraiser,"58,400",Annually,US,Onlinedegree,2023-12-01
Real Estate Assessor,"58,400",Annually,US,Onlinedegree,2023-12-01
Real Estate Lawyer,"136,260",Annually,US,Onlinedegree,2023-12-01
Underwriter,"39,210",Annually,US,Onlinedegree,2023-12-01
Advertising Account Executive,"61,690",Annually,US,Onlinedegree,2023-12-01
Air Force Recruiter,"63,710",Annually,US,Onlinedegree,2023-12-01
Auto Parts Salesman,"32,750",Annually,US,Onlinedegree,2023-12-01
Billboard Advertising Salesperson,"61,690",Annually,US,Onlinedegree,2023-12-01
Business Analyst,"91,770",Annually,US,Onlinedegree,2023-12-01
Business Consultant,"91,770",Annually,US,Onlinedegree,2023-12-01
College Recruiter,"63,710",Annually,US,Onlinedegree,2023-12-01
Display Banner Ads Salesperson,"61,690",Annually,US,Onlinedegree,2023-12-01
Financial Planner,"118,050",Annually,US,Onlinedegree,2023-12-01
Financial Services Representative,"35,820",Annually,US,Onlinedegree,2023-12-01
Funeral Director,"52,990",Annually,US,Onlinedegree,2023-12-01
Headhunter Or Recruiter,"63,710",Annually,US,Onlinedegree,2023-12-01
Health Insurance Agent,"64,790",Annually,US,Onlinedegree,2023-12-01
Independent Beauty Consultant,"26,160",Annually,US,Onlinedegree,2023-12-01
#N/A,#N/A,Annually,US,Onlinedegree,2023-12-01
Life Insurance Agent,"64,790",Annually,US,Onlinedegree,2023-12-01
Management Consultant,"91,770",Annually,US,Onlinedegree,2023-12-01
Marine Corps Recruiter,"63,710",Annually,US,Onlinedegree,2023-12-01
#N/A,#N/A,Annually,US,Onlinedegree,2023-12-01
Radio Ads Salesperson,"61,690",Annually,US,Onlinedegree,2023-12-01
Sales Party Hostess,"29,720",Annually,US,Onlinedegree,2023-12-01
24hr Fitness Instructor,"40,970",Annually,US,Onlinedegree,2023-12-01
Aerobics Instructor,"40,970",Annually,US,Onlinedegree,2023-12-01
#N/A,#N/A,Annually,US,Onlinedegree,2023-12-01
Aircraft Mechanic,"60,160",Annually,US,Onlinedegree,2023-12-01
Airline Pilot,"136,400",Annually,US,Onlinedegree,2023-12-01
Ambulance Driver,"25,470",Annually,US,Onlinedegree,2023-12-01
Animal Trainer,"33,600",Annually,US,Onlinedegree,2023-12-01
Art Conservator,"44,880",Annually,US,Onlinedegree,2023-12-01
Art Model,"37,240",Annually,US,Onlinedegree,2023-12-01
Athletic Trainer,"46,940",Annually,US,Onlinedegree,2023-12-01
Audio Visual Technician,"46,630",Annually,US,Onlinedegree,2023-12-01
Auto Body Painter,"44,920",Annually,US,Onlinedegree,2023-12-01
Auto Body Technician,"44,590",Annually,US,Onlinedegree,2023-12-01
Automotive Electrician,"33,500",Annually,US,Onlinedegree,2023-12-01
Automotive Mechanic,"40,720",Annually,US,Onlinedegree,2023-12-01
Avionics Technician,"60,200",Annually,US,Onlinedegree,2023-12-01
Barber,"29,140",Annually,US,Onlinedegree,2023-12-01
Barista,"20,590",Annually,US,Onlinedegree,2023-12-01
Barley Roaster,"30,320",Annually,US,Onlinedegree,2023-12-01
Bartender,"24,110",Annually,US,Onlinedegree,2023-12-01
Beautician,"28,770",Annually,US,Onlinedegree,2023-12-01
#N/A,#N/A,Annually,US,Onlinedegree,2023-12-01
Blackjack Dealer,"21,810",Annually,US,Onlinedegree,2023-12-01
Blacksmith,"36,910",Annually,US,Onlinedegree,2023-12-01
#N/A,#N/A,Annually,US,Onlinedegree,2023-12-01
Boilermaker,"60,660",Annually,US,Onlinedegree,2023-12-01
Bookie,"26,170",Annually,US,Onlinedegree,2023-12-01
Brickmason,"51,750",Annually,US,Onlinedegree,2023-12-01
Building Cleaning & Maintenance,"30,200",Annually,US,Onlinedegree,2023-12-01
Butcher,"30,940",Annually,US,Onlinedegree,2023-12-01
Butler,"24,950",Annually,US,Onlinedegree,2023-12-01
Cabinetmaker,"33,980",Annually,US,Onlinedegree,2023-12-01
Cable Internet Installer,"39,670",Annually,US,Onlinedegree,2023-12-01
Cafeteria Cook,"25,560",Annually,US,Onlinedegree,2023-12-01
Camera Repair Technician,"42,510",Annually,US,Onlinedegree,2023-12-01
Caregiver,"22,870",Annually,US,Onlinedegree,2023-12-01
Carpenter,"46,780",Annually,US,Onlinedegree,2023-12-01
Carpet Installer,"43,210",Annually,US,Onlinedegree,2023-12-01
Cartographer,"65,410",Annually,US,Onlinedegree,2023-12-01
Casino Cashier,"27,780",Annually,US,Onlinedegree,2023-12-01
Casino Dealer,"21,810",Annually,US,Onlinedegree,2023-12-01
Casino Employee,"26,380",Annually,US,Onlinedegree,2023-12-01
#N/A,#N/A,Annually,US,Onlinedegree,2023-12-01
Casino Pit Boss,"50,130",Annually,US,Onlinedegree,2023-12-01
Cat Groomer,"23,630",Annually,US,Onlinedegree,2023-12-01
Catering Cook,"21,940",Annually,US,Onlinedegree,2023-12-01
#N/A,#N/A,Annually,US,Onlinedegree,2023-12-01
Ceramic Pottery Maker,"35,710",Annually,US,Onlinedegree,2023-12-01
Certified Nurse Assistant,"26,820",Annually,US,Onlinedegree,2023-12-01
Charter Jet Pilot,"84,510",Annually,US,Onlinedegree,2023-12-01
Chinese Interpreter,"48,360",Annually,US,Onlinedegree,2023-12-01
Chiropractic Assistant,"31,910",Annually,US,Onlinedegree,2023-12-01
Cigar Roller,"31,690",Annually,US,Onlinedegree,2023-12-01
Cirque Du Soleil Acrobat,7%,Annually,US,Onlinedegree,2023-12-01
CNC Machine Operator,"38,720",Annually,US,Onlinedegree,2023-12-01
CNC Programmer,"39,620",Annually,US,Onlinedegree,2023-12-01
Coffee Roaster,"30,320",Annually,US,Onlinedegree,2023-12-01
Commercial Diver,"54,640",Annually,US,Onlinedegree,2023-12-01
Commercial Painter,"40,540",Annually,US,Onlinedegree,2023-12-01
Computer Repair Technician,"38,990",Annually,US,Onlinedegree,2023-12-01
#N/A,#N/A,Annually,US,Onlinedegree,2023-12-01
Construction Worker,"36,550",Annually,US,Onlinedegree,2023-12-01
Cosmetologist,"28,770",Annually,US,Onlinedegree,2023-12-01
Court Interpreter,"48,360",Annually,US,Onlinedegree,2023-12-01
Crane Operator,"54,560",Annually,US,Onlinedegree,2023-12-01
Craps Dealer,"21,810",Annually,US,Onlinedegree,2023-12-01
Crime Scene Investigator,"79,620",Annually,US,Onlinedegree,2023-12-01
Criminal Intelligence Analyst,"79,620",Annually,US,Onlinedegree,2023-12-01
Crossfit Instructor,"40,970",Annually,US,Onlinedegree,2023-12-01
Custodian Or Janitor,"26,180",Annually,US,Onlinedegree,2023-12-01
Daycare Director,"52,760",Annually,US,Onlinedegree,2023-12-01
Dental Assistant,"36,920",Annually,US,Onlinedegree,2023-12-01
Dental Hygienist,"72,720",Annually,US,Onlinedegree,2023-12-01
Dental Lab Technician,"40,520",Annually,US,Onlinedegree,2023-12-01
Diesel Mechanic,"46,110",Annually,US,Onlinedegree,2023-12-01
Dietetic Technician,"29,170",Annually,US,Onlinedegree,2023-12-01
Dog Groomer,"23,630",Annually,US,Onlinedegree,2023-12-01
#N/A,#N/A,Annually,US,Onlinedegree,2023-12-01
Dog Trainer,"33,600",Annually,US,Onlinedegree,2023-12-01
Dog Walker,"23,630",Annually,US,Onlinedegree,2023-12-01
#N/A,#N/A,Annually,US,Onlinedegree,2023-12-01
Doula,"24,950",Annually,US,Onlinedegree,2023-12-01
Dry Cleaner,"22,660",Annually,US,Onlinedegree,2023-12-01
Electric Motor Mechanic,"43,760",Annually,US,Onlinedegree,2023-12-01
Electric Utility Lineworker,"65,650",Annually,US,Onlinedegree,2023-12-01
Electrician,"55,590",Annually,US,Onlinedegree,2023-12-01
Elevator Mechanic,"77,350",Annually,US,Onlinedegree,2023-12-01
Embalmer,"41,490",Annually,US,Onlinedegree,2023-12-01
Emergency Medical Technician (EMT),"35,430",Annually,US,Onlinedegree,2023-12-01
Event Planner,"51,200",Annually,US,Onlinedegree,2023-12-01
Exercise Physiologist,"49,740",Annually,US,Onlinedegree,2023-12-01
#N/A,#N/A,Annually,US,Onlinedegree,2023-12-01
Exterminator,"34,080",Annually,US,Onlinedegree,2023-12-01
Fabricator,"48,210",Annually,US,Onlinedegree,2023-12-01
Farm Equipment Mechanic,"38,510",Annually,US,Onlinedegree,2023-12-01
Fashion Model,"37,240",Annually,US,Onlinedegree,2023-12-01
Fiberglass Fabricator,"30,760",Annually,US,Onlinedegree,2023-12-01
Fish & Meat Smoker,"30,320",Annually,US,Onlinedegree,2023-12-01
Fitness Model,"37,240",Annually,US,Onlinedegree,2023-12-01
#N/A,#N/A,Annually,US,Onlinedegree,2023-12-01
Fry Cook Operator,"29,430",Annually,US,Onlinedegree,2023-12-01
Furniture Maker,"35,710",Annually,US,Onlinedegree,2023-12-01
Genealogist,"61,120",Annually,US,Onlinedegree,2023-12-01
General Contractor,"97,510",Annually,US,Onlinedegree,2023-12-01
Gift Wrapper,"23,710",Annually,US,Onlinedegree,2023-12-01
Glass Blower,"35,710",Annually,US,Onlinedegree,2023-12-01
Glazier,"45,420",Annually,US,Onlinedegree,2023-12-01
Grave Digger,"27,840",Annually,US,Onlinedegree,2023-12-01
Gunsmith,"41,120",Annually,US,Onlinedegree,2023-12-01
Hair Stylist,"28,770",Annually,US,Onlinedegree,2023-12-01
Hearing Specialist,"52,850",Annually,US,Onlinedegree,2023-12-01
Heavy Equipment Mechanic,"50,080",Annually,US,Onlinedegree,2023-12-01
Helicopter Mechanic,"60,160",Annually,US,Onlinedegree,2023-12-01
Helicopter Pilot,"84,510",Annually,US,Onlinedegree,2023-12-01
Herbalist,"56,400",Annually,US,Onlinedegree,2023-12-01
Hip Hop Dancer,4.6%,Annually,US,Onlinedegree,2023-12-01
Histotechnician,"41,420",Annually,US,Onlinedegree,2023-12-01
Histotechnologist,"61,860",Annually,US,Onlinedegree,2023-12-01
Home Appliance Repairman,"38,820",Annually,US,Onlinedegree,2023-12-01
Horse Trainer,"33,600",Annually,US,Onlinedegree,2023-12-01
Housekeeper,"22,990",Annually,US,Onlinedegree,2023-12-01
HVAC Technician,"47,380",Annually,US,Onlinedegree,2023-12-01
Industrial Machinery Mechanic,"51,470",Annually,US,Onlinedegree,2023-12-01
#N/A,#N/A,Annually,US,Onlinedegree,2023-12-01
Industrial Robotics Mechanic,"56,670",Annually,US,Onlinedegree,2023-12-01
Jet Engine Mechanic,"60,160",Annually,US,Onlinedegree,2023-12-01
Kiln Operator,"36,970",Annually,US,Onlinedegree,2023-12-01
Laminate & Vinyl Floor Installer,"42,520",Annually,US,Onlinedegree,2023-12-01
#N/A,#N/A,Annually,US,Onlinedegree,2023-12-01
Locksmith,"41,270",Annually,US,Onlinedegree,2023-12-01
Machinist,"37,660",Annually,US,Onlinedegree,2023-12-01
Magician,7%,Annually,US,Onlinedegree,2023-12-01
Makeup Artist,"28,770",Annually,US,Onlinedegree,2023-12-01
Marine Dock Attendant,"23,440",Annually,US,Onlinedegree,2023-12-01
Massage Therapist,"43,170",Annually,US,Onlinedegree,2023-12-01
#N/A,#N/A,Annually,US,Onlinedegree,2023-12-01
Medical Assistant,"31,910",Annually,US,Onlinedegree,2023-12-01
Medical Interpreter,"48,360",Annually,US,Onlinedegree,2023-12-01
Medical Records Technician,"40,430",Annually,US,Onlinedegree,2023-12-01
Medical Secretary,"34,330",Annually,US,Onlinedegree,2023-12-01
Medical Technologist,"45,730",Annually,US,Onlinedegree,2023-12-01
Medical Transcriptionist,"35,720",Annually,US,Onlinedegree,2023-12-01
Midwife,"93,610",Annually,US,Onlinedegree,2023-12-01
Millwright,"52,650",Annually,US,Onlinedegree,2023-12-01
Mining Engineer,"107,880",Annually,US,Onlinedegree,2023-12-01
Mortician,"52,990",Annually,US,Onlinedegree,2023-12-01
Motor Boat Builder,"30,760",Annually,US,Onlinedegree,2023-12-01
#N/A,#N/A,Annually,US,Onlinedegree,2023-12-01
MRI Technician (Tech),"68,340",Annually,US,Onlinedegree,2023-12-01
#N/A,#N/A,Annually,US,Onlinedegree,2023-12-01
Nail Technician,"23,630",Annually,US,Onlinedegree,2023-12-01
Neurodiagnostic Technologist,"45,730",Annually,US,Onlinedegree,2023-12-01
Notary Public,"34,730",Annually,US,Onlinedegree,2023-12-01
Nude Modeling,"37,240",Annually,US,Onlinedegree,2023-12-01
Nurse Anesthetist,"160,250",Annually,US,Onlinedegree,2023-12-01
Oil & Gas Derrick Operator,"50,710",Annually,US,Onlinedegree,2023-12-01
Oil Pipeline Job,"66,020",Annually,US,Onlinedegree,2023-12-01
Ophthalmic Technician,"45,730",Annually,US,Onlinedegree,2023-12-01
Optometrist Assistant,"31,910",Annually,US,Onlinedegree,2023-12-01
Oral Surgeon Assistant,"36,920",Annually,US,Onlinedegree,2023-12-01
Orthodontic Assistant,"36,920",Annually,US,Onlinedegree,2023-12-01
Paralegal,"52,390",Annually,US,Onlinedegree,2023-12-01
Party Planner,"51,200",Annually,US,Onlinedegree,2023-12-01
Pastry Chef,"26,270",Annually,US,Onlinedegree,2023-12-01
Patient Coordinator,"34,330",Annually,US,Onlinedegree,2023-12-01
Payroll Clerk,"42,130",Annually,US,Onlinedegree,2023-12-01
Perfusionist,"45,730",Annually,US,Onlinedegree,2023-12-01
Personal Chef,"37,680",Annually,US,Onlinedegree,2023-12-01
Personal Trainer,"40,970",Annually,US,Onlinedegree,2023-12-01
Pet Groomer,"23,630",Annually,US,Onlinedegree,2023-12-01
Pharmacist Assistant,"27,460",Annually,US,Onlinedegree,2023-12-01
Pharmacy Technician,"31,680",Annually,US,Onlinedegree,2023-12-01
Phlebotomist,"32,770",Annually,US,Onlinedegree,2023-12-01
Photojournalist,"40,280",Annually,US,Onlinedegree,2023-12-01
Piano Tuner,"38,590",Annually,US,Onlinedegree,2023-12-01
Pilates Instructor,"40,970",Annually,US,Onlinedegree,2023-12-01
Pizza Cook,"19,610",Annually,US,Onlinedegree,2023-12-01
Plus-Size Model,"37,240",Annually,US,Onlinedegree,2023-12-01
Poker Dealer,"21,810",Annually,US,Onlinedegree,2023-12-01
Pole Fitness Instructor,"40,970",Annually,US,Onlinedegree,2023-12-01
Polysomnographic Technologist,"45,730",Annually,US,Onlinedegree,2023-12-01
Potter,"31,690",Annually,US,Onlinedegree,2023-12-01
Prep Cook,"19,710",Annually,US,Onlinedegree,2023-12-01
#N/A,#N/A,Annually,US,Onlinedegree,2023-12-01
Professional Poker Player,7%,Annually,US,Onlinedegree,2023-12-01
Projectionist,"24,540",Annually,US,Onlinedegree,2023-12-01
Quality Assurance Specialist (QA),"39,410",Annually,US,Onlinedegree,2023-12-01
Radiology Technician,"45,730",Annually,US,Onlinedegree,2023-12-01
Robotics Technician,"56,320",Annually,US,Onlinedegree,2023-12-01
Sailboat Builder,"30,760",Annually,US,Onlinedegree,2023-12-01
School Bus Driver,"30,580",Annually,US,Onlinedegree,2023-12-01
School Cafeteria Cook,"19,710",Annually,US,Onlinedegree,2023-12-01
Sculpter,"35,710",Annually,US,Onlinedegree,2023-12-01
Shoe Shiner,"24,950",Annually,US,Onlinedegree,2023-12-01
Sign Language Interpreter,"48,360",Annually,US,Onlinedegree,2023-12-01
Solar Panel Technician,"39,500",Annually,US,Onlinedegree,2023-12-01
Sonographer,"70,880",Annually,US,Onlinedegree,2023-12-01
Sous Chef,"45,920",Annually,US,Onlinedegree,2023-12-01
Spanish Interpreter,"48,360",Annually,US,Onlinedegree,2023-12-01
#N/A,#N/A,Annually,US,Onlinedegree,2023-12-01
Sports Photographer,"40,280",Annually,US,Onlinedegree,2023-12-01
Strength Weight Trainer,"40,970",Annually,US,Onlinedegree,2023-12-01
Stuntman,7%,Annually,US,Onlinedegree,2023-12-01
#N/A,#N/A,Annually,US,Onlinedegree,2023-12-01
Sushi Chef,"45,920",Annually,US,Onlinedegree,2023-12-01
Swimming Class Instructor,"40,970",Annually,US,Onlinedegree,2023-12-01
#N/A,#N/A,Annually,US,Onlinedegree,2023-12-01
Tattoo Artist,"62,130",Annually,US,Onlinedegree,2023-12-01
Tow Truck Driver,"42,500",Annually,US,Onlinedegree,2023-12-01
Tractor Mechanic,"38,510",Annually,US,Onlinedegree,2023-12-01
Translator,"48,360",Annually,US,Onlinedegree,2023-12-01
Truck Driver,"42,500",Annually,US,Onlinedegree,2023-12-01
UAV Drone Technician,"56,320",Annually,US,Onlinedegree,2023-12-01
Ultrasound Technician,"70,880",Annually,US,Onlinedegree,2023-12-01
Undertaker,"52,990",Annually,US,Onlinedegree,2023-12-01
Underwater Welder,"54,640",Annually,US,Onlinedegree,2023-12-01
Unmanned Vehicle Technician,"56,320",Annually,US,Onlinedegree,2023-12-01
Valve Technician,"55,760",Annually,US,Onlinedegree,2023-12-01
#N/A,#N/A,Annually,US,Onlinedegree,2023-12-01
Wedding Photographer,"40,280",Annually,US,Onlinedegree,2023-12-01
Wedding Planner,"51,200",Annually,US,Onlinedegree,2023-12-01
Windmill Mechanic,"41,120",Annually,US,Onlinedegree,2023-12-01
Windshield Repair Technician,"35,210",Annually,US,Onlinedegree,2023-12-01
X Ray Technician,"45,730",Annually,US,Onlinedegree,2023-12-01
Yoga Instructor,"40,970",Annually,US,Onlinedegree,2023-12-01
Zookeeper,"23,630",Annually,US,Onlinedegree,2023-12-01
Zumba Instructor,"40,970",Annually,US,Onlinedegree,2023-12-01
