Title,Salary
Acquisition Specialist,"$120,149 / year"
Account Director,"$149,218 / year"
Asset Manager,"$121,950 / year"
Anesthesiologist,"$211,256 / year"
Application Support Engineer,"$106,555 / year"
Azure DevOps Engineer,"$123,402 / year"
Assisted Living Director,"$129,077 / year"
Actuarial Director,"$144,655 / year"
Analog Design Engineer,"$128,423 / year"
Actuarial Manager,"$140,638 / year"
Accounts Receivable Manager,"$105,276 / year"
Advertising Sales Executive,"$106,320 / year"
Architectural Director,"$150,549 / year"
Administrative Coordinator,"$88,687 / year"
Admissions Director,"$94,529 / year"
Assistant Director,"$88,248 / year"
Administrator,"$96,061 / year"
Applications Architect,"$140,531 / year"
Application Support Analyst,"$105,125 / year"
Accounts Payable Manager,"$105,986 / year"
Auditor,"$104,999 / year"
Architect,"$119,865 / year"
Architectural Project Manager,"$117,125 / year"
Audio Visual Engineer,"$114,880 / year"
"Assistant Director, Nursing","$118,729 / year"
Agile Coach,"$137,469 / year"
Activities Director,"$90,210 / year"
Audiologist,"$105,165 / year"
Account Executive,"$115,197 / year"
Assurance Manager,"$122,596 / year"
Account Manager,"$108,983 / year"
ASIC Design Engineer,"$143,829 / year"
Administrative Manager,"$93,946 / year"
AWS Cloud Engineer,"$115,266 / year"
Aerodynamics Engineer,"$125,058 / year"
Assistant Controller,"$107,660 / year"
Accounts Payable Specialist,"$90,649 / year"
API Engineer,"$132,291 / year"
All-Source Intelligence Analyst,"$108,131 / year"
Actuarial Analyst,"$106,277 / year"
Administrative Director,"$111,489 / year"
ART Director,"$111,681 / year"
Assistant Chief Nursing Officer,"$140,382 / year"
Accounting Analyst,"$94,083 / year"
Administrative Assistant,"$89,768 / year"
Aerospace Engineer,"$118,240 / year"
Avionics Engineer,"$125,108 / year"
Architectural Designer,"$104,318 / year"
Associate Scientist,"$110,549 / year"
Analytics Consultant,"$111,011 / year"
Accounting Manager,"$118,901 / year"
Artificial Intelligence Research Scientist,"$148,532 / year"
Applications Engineer,"$116,152 / year"
AWS Solution Architect,"$135,906 / year"
Asset Protection Manager,"$109,067 / year"
Agile Program Manager,"$135,860 / year"
Analyst Relations Manager,"$111,918 / year"
Area Sales Manager,"$113,277 / year"
Application Administrator,"$113,966 / year"
Area Sales Director,"$146,381 / year"
Assistant Treasurer,"$122,444 / year"
Architectural Project Designer,"$103,277 / year"
Academic Advisor,"$90,610 / year"
Azure Cloud Engineer,"$123,112 / year"
Area Ministry Director,"$98,500 / year"
Application Support Specialist,"$111,612 / year"
Assistant Research Professor,"$87,381 / year"
Audio Engineer,"$97,997 / year"
Actuary,"$139,038 / year"
Accountant,"$101,843 / year"
Associate IT Consultant,"$107,794 / year"
Associate Actuary,"$121,316 / year"
Acute Care Surgeon,"$143,429 / year"
Application Security Engineer,"$133,628 / year"
Agile Project Manager,"$127,149 / year"
Automation Engineer,"$117,726 / year"
Application Security Architect,"$127,898 / year"
AWS Engineer,"$118,114 / year"
Assistant Actuary,"$115,826 / year"
Associate Dentist,"$173,786 / year"
Attorney,"$125,482 / year"
"Account Manager, Life Sciences","$118,059 / year"
Analytics Director,"$139,581 / year"
Accounts Receivable Specialist,"$88,360 / year"
Audit Manager,"$124,039 / year"
Application Development Consultant,"$109,065 / year"
Business Intelligence Engineer,"$113,768 / year"
BIM Manager,"$104,494 / year"
Business Performance Consultant,"$120,270 / year"
Benefits Administrator,"$87,598 / year"
Business Development Executive,"$126,271 / year"
Budget Analyst,"$109,160 / year"
Business Analyst Manager,"$122,424 / year"
Business Consultant,"$112,459 / year"
Branch Manager,"$101,957 / year"
Build Engineer,"$124,577 / year"
Business Development Director,"$153,826 / year"
Business Intelligence Manager,"$139,425 / year"
Bankruptcy Associate,"$131,333 / year"
Business Process Analyst,"$108,955 / year"
Business Solutions Analyst,"$125,726 / year"
Business Consulting Manager,"$140,162 / year"
Back-End Software Engineer,"$128,774 / year"
Business Transformation Manager,"$142,732 / year"
Business Performance Manager,"$125,884 / year"
Bioinformatics Scientist,"$119,729 / year"
Billing Director,"$160,568 / year"
Benefits Manager,"$104,920 / year"
Bioinformatics Analyst,"$107,648 / year"
BIG Data Architect,"$131,026 / year"
Billing Analyst,"$87,713 / year"
Biologist,"$104,766 / year"
Business Development Manager,"$134,181 / year"
Behavioral Health Director,"$116,017 / year"
Business Process Manager,"$122,494 / year"
Business Tax Services Manager,"$125,723 / year"
Business Operations Analyst,"$112,621 / year"
Brand Director,"$151,063 / year"
Business Development Specialist,"$119,124 / year"
Business Operations Manager,"$116,157 / year"
Business Strategy Manager,"$133,707 / year"
Bridge Engineer,"$119,977 / year"
Business Continuity Manager,"$124,639 / year"
BIG Data Engineer,"$123,628 / year"
Biostatistician,"$121,981 / year"
BIM Professional,"$113,941 / year"
Broadcast Engineer,"$119,207 / year"
Business Banker,"$119,355 / year"
Business Architect,"$137,107 / year"
Billing Manager,"$102,220 / year"
Business Development Representative,"$100,629 / year"
Business Manager,"$123,680 / year"
Business Systems Analyst,"$109,028 / year"
Business Process Consultant,"$120,897 / year"
Brand Strategist,"$120,223 / year"
Brand Manager,"$114,214 / year"
Business Analyst,"$106,693 / year"
Buyer,"$104,265 / year"
Construction Inspector,"$112,323 / year"
Chemical Engineer,"$104,522 / year"
Cost Accountant,"$107,299 / year"
Clincal Operations Manager,"$137,611 / year"
Communications Manager,"$117,308 / year"
Chief Marketing Officer (CMO),"$224,728 / year"
Compensation And Benefits Director,"$159,632 / year"
Computer Vision Scientist,"$138,485 / year"
Chief Engineer,"$145,122 / year"
Chief Technology Officer (CTO),"$211,299 / year"
Campaign Manager,"$117,522 / year"
Chief Data Officer (CDO),"$220,114 / year"
Cell Therapy Specialist,"$121,801 / year"
Construction Superintendent,"$109,851 / year"
Chief Operating Officer (COO),"$207,863 / year"
Cloud Solution Architect,"$135,333 / year"
Chief Risk Officer (CRO),"$136,717 / year"
Construction Coordinator,"$89,491 / year"
Communications Specialist,"$102,095 / year"
Compensation And Benefits Analyst,"$103,675 / year"
Communication Manager,"$115,691 / year"
Cyber Security Specialist,"$116,045 / year"
Client Manager,"$119,631 / year"
Construction Manager,"$122,415 / year"
Compliance Manager,"$123,345 / year"
Customer Service Manager,"$92,383 / year"
Cloud Security Engineer,"$132,316 / year"
Contract Administrator,"$111,711 / year"
Cloud Solutions Architect,"$145,770 / year"
Cyber Security Analyst,"$113,615 / year"
Channel Marketing Manager,"$126,480 / year"
Chief Development Officer (CDO),"$189,244 / year"
Cloud Security Architect,"$136,597 / year"
Community Manager,"$94,372 / year"
Chief Scientist,"$170,134 / year"
Clinical Pharmacist,"$107,974 / year"
Cyber Security Consultant,"$124,239 / year"
Cloud DevOps Engineer,"$122,399 / year"
Cloud Operations Manager,"$144,580 / year"
Channel Marketing Director,"$162,681 / year"
Communications Director,"$138,181 / year"
Contracts Manager,"$121,233 / year"
Change Management Manager,"$122,172 / year"
Chief Accounting Officer (CAO),"$158,080 / year"
Clinical Staff Pharmacist,"$94,508 / year"
Compensation And Benefits Manager,"$123,634 / year"
Cost Accounting Manager,"$118,495 / year"
Campus Recruiter,"$131,204 / year"
Client Engagement Manager,"$143,645 / year"
Chief Hospitalist,"$152,813 / year"
Contracts Attorney,"$130,856 / year"
Cyber Threat Analyst,"$112,786 / year"
Case Management Director,"$120,335 / year"
Construction Project Manager,"$112,600 / year"
Claims Analyst,"$101,023 / year"
Copywriter,"$94,597 / year"
Cardiologist,"$161,205 / year"
Clinical Project Manager,"$121,872 / year"
Control Systems Engineer,"$117,139 / year"
Construction Engineer,"$112,539 / year"
Civil Engineering Project Manager,"$114,583 / year"
Construction Director,"$155,959 / year"
"Chief, Privacy Officer (CPO)","$149,202 / year"
Clinical Data Manager,"$122,470 / year"
Clinical Trial Manager,"$121,111 / year"
Channel Sales Manager,"$144,140 / year"
Community Relations Manager,"$114,000 / year"
Compliance Director,"$159,865 / year"
Chief Data Scientist (CDS),"$174,203 / year"
"Chief, Staff Doctor","$120,398 / year"
Contracts Specialist,"$106,471 / year"
Compliance Analyst,"$110,285 / year"
Commissioning Engineer,"$115,454 / year"
Credit Risk Analyst,"$125,925 / year"
Change Manager,"$120,592 / year"
Clinical Lead,"$132,577 / year"
Chief Enterprise Architect (CEA),"$158,407 / year"
Cloud Engineer,"$125,529 / year"
Catering Director,"$93,545 / year"
Creative Services Manager,"$115,204 / year"
Corporate Associate,"$137,000 / year"
Credit Manager,"$122,254 / year"
Cost Engineer,"$115,010 / year"
Corporate Communications Manager,"$121,003 / year"
Center Director,"$106,854 / year"
Computer Systems Analyst,"$118,711 / year"
CAD Designer,"$112,092 / year"
Civil Engineering Manager,"$120,153 / year"
Clinical Pharmacy Specialist,"$123,281 / year"
Cyber Threat Intelligence Analyst,"$126,313 / year"
Chief Architect,"$212,017 / year"
Construction Project Executive,"$124,616 / year"
Cyber Security Architect,"$136,451 / year"
Commissioning Manager,"$131,580 / year"
Clinical Therapist,"$103,934 / year"
Chief Medical Officer (CMO),"$252,612 / year"
Certified Public Accountant,"$118,783 / year"
Chief Building Engineer (CBE),"$108,812 / year"
Continuous Improvement Engineer,"$99,977 / year"
Change Management Consultant,"$121,689 / year"
Cloud Architect,"$143,708 / year"
Clinical Pharmacologist,"$156,565 / year"
Chief Human Resources Officer (CHRO),"$220,395 / year"
Compliance Counsel,"$142,929 / year"
Corporate Communications Director,"$148,834 / year"
Clinical Documentation Specialist,"$105,583 / year"
Chemist,"$94,586 / year"
Client Advisor,"$115,748 / year"
Chief Medical Director (CMD),"$188,667 / year"
"Chief, Security","$136,964 / year"
Chief Product Officer (CPO),"$248,640 / year"
Chief Photographer,"$119,815 / year"
Chief Systems Engineer (CSE),"$163,944 / year"
Cloud Application Architect,"$141,892 / year"
Coding Manager,"$110,200 / year"
Community Relations Director,"$150,556 / year"
Configuration Management Specialist,"$135,054 / year"
Clinical Research Manager,"$107,363 / year"
Configuration Manager,"$108,269 / year"
Clinical Specialist,"$105,082 / year"
Construction Scheduler,"$104,963 / year"
Cardiothoracic Surgeon,"$165,947 / year"
Content Engineer,"$121,237 / year"
Clinical Director,"$150,043 / year"
Customer Success Manager,"$112,353 / year"
Continuous Improvement Manager,"$119,124 / year"
Chief Compliance Officer (CCO),"$181,276 / year"
Credit Analyst,"$108,067 / year"
Chief Nursing Officer (CNO),"$169,938 / year"
Clinical Research Scientist,"$124,309 / year"
Chief People Officer (CPO),"$210,410 / year"
Cloud Sales Specialist,"$133,330 / year"
Category Manager,"$122,713 / year"
Change Management Lead,"$123,011 / year"
Chief Meteorologist,"$110,556 / year"
Consulting Engineer,"$125,494 / year"
Counsel,"$160,285 / year"
Compensation And Benefits Specialist,"$111,874 / year"
Compensation Consultant,"$110,181 / year"
Content Manager,"$115,955 / year"
Chief Software Engineer (CSE),"$147,378 / year"
Chief Of Staff,"$144,954 / year"
Chemical Process Engineer,"$105,540 / year"
Chief Financial Officer (CFO),"$193,486 / year"
Civil Engineer,"$111,634 / year"
Clinical Manager,"$119,153 / year"
Channel Marketing Specialist,"$113,635 / year"
Chief Medical Information Officer (CMIO),"$163,947 / year"
Clinician,"$112,015 / year"
Compliance Officer,"$121,563 / year"
Corporate Account Manager,"$106,003 / year"
Commercial Counsel,"$162,210 / year"
Controller,"$141,532 / year"
Cloud Software Engineer,"$116,156 / year"
Chief Information Officer (CIO),"$214,025 / year"
Corporate Recruiter,"$101,636 / year"
Cloud Systems Administrator,"$115,324 / year"
Chief Revenue Officer (CRO),"$290,652 / year"
Community Director,"$116,544 / year"
Care Management Manager,"$113,467 / year"
Creative Project Manager,"$94,131 / year"
Clinic Office Manager,"$104,722 / year"
Chief Diversity Officer (CDO),"$153,008 / year"
CAD Manager,"$122,285 / year"
Case Manager,"$96,891 / year"
Campus Director,"$116,851 / year"
Claims Specialist,"$110,070 / year"
Construction Estimator,"$109,193 / year"
Cyber Security Manager,"$154,677 / year"
Client Delivery Manager,"$111,986 / year"
Commercial Banker,"$116,660 / year"
Collections Manager,"$98,814 / year"
Cyber Security Engineer,"$124,572 / year"
Client Relationship Manager,"$108,974 / year"
Curriculum Developer,"$89,794 / year"
Chief Information Security Officer (CISO),"$143,108 / year"
Cost Manager,"$118,199 / year"
Creative Director,"$130,019 / year"
Chief Security Officer (CSO),"$216,973 / year"
Compensation Manager,"$116,597 / year"
Component Engineer,"$114,049 / year"
Commercial Lender,"$120,348 / year"
Claims Manager,"$108,365 / year"
Corporate Controller,"$134,719 / year"
Computer Scientist,"$127,366 / year"
Commodity Manager,"$126,261 / year"
Cloud Site Reliability Engineer,"$120,919 / year"
Controls Engineer,"$111,712 / year"
Chief Clinical Officer (CCO),"$206,500 / year"
"Director, Executive Compensation","$139,884 / year"
Developer Support Engineer,"$111,351 / year"
"Director, Talent Acquisition","$149,222 / year"
Desktop Support Engineer,"$101,928 / year"
"Director, Clinical Science","$165,570 / year"
Dentist,"$171,116 / year"
"Director, Process Engineering","$174,077 / year"
DevOps Engineer,"$118,715 / year"
"Director, Internal Audit","$160,578 / year"
"Director, Content Strategy","$145,645 / year"
"Director, Environmental Services","$116,764 / year"
"Director, Ecommerce","$151,324 / year"
"Director, Quality Control","$174,708 / year"
"Director, Safety And Security","$131,911 / year"
"Director, Data Analytics","$171,083 / year"
"Director, Project Management","$128,533 / year"
"Director, Revenue Cycle","$138,339 / year"
"Director, Retail","$162,791 / year"
Distribution Manager,"$110,278 / year"
"Director, Information Systems","$161,151 / year"
"Director, Construction","$162,585 / year"
Digital Media Director,"$155,058 / year"
Data Center Manager,"$134,837 / year"
"Director, Program Management","$153,815 / year"
"Director, Accounts Payable","$146,170 / year"
"Director, Workforce Management","$138,577 / year"
"Director, Manufacturing","$139,681 / year"
"Director, Platform Engineering","$177,446 / year"
"Director, Customer Care","$126,315 / year"
"Director, Employee Relations","$145,711 / year"
"Director, Analyst Relations","$147,857 / year"
"Director, Leadership Development","$130,561 / year"
"Director, Media","$149,808 / year"
Data Services Engineer,"$127,728 / year"
"Director, Quality Operations","$131,842 / year"
"Director, Assurance","$158,421 / year"
"Director, Business Operations","$148,327 / year"
"Director, Data & Analytics","$166,864 / year"
"Director, Site Reliability Engineering","$187,331 / year"
"Director, Clinical Development","$159,166 / year"
"Director, Development","$140,484 / year"
"Director, Quality Improvement","$128,148 / year"
"Director, Strategic Accounts","$143,571 / year"
Data Analyst,"$99,541 / year"
Digital Marketing Specialist,"$107,928 / year"
DevOps Architect,"$143,776 / year"
"Director, Clinical Research","$163,423 / year"
Devops Lead,"$131,001 / year"
Design Architect,"$129,996 / year"
"Director, Sterile Processing","$99,905 / year"
"Director, Talent Development","$158,469 / year"
"Director, Enterprise Architecture","$160,111 / year"
"Director, Maintenance","$138,038 / year"
"Director, IT Security","$169,896 / year"
"Director, Nursing Services","$126,709 / year"
"Director, Government Affairs","$140,705 / year"
"Director, Clinical Pharmacology","$175,838 / year"
"Director, Product Marketing","$163,306 / year"
"Director, Professional Services","$154,952 / year"
"Director, Research","$167,366 / year"
"Director, Student Development","$90,950 / year"
"Director, Customer Success","$131,952 / year"
Design Manager,"$132,037 / year"
"Director, Retail Operations","$118,422 / year"
"Director, Application Development","$140,030 / year"
Director,"$140,382 / year"
"Director, Change Management","$170,077 / year"
Digital Product Manager,"$127,061 / year"
"Director, Information Security","$173,782 / year"
Delivery Manager,"$139,108 / year"
"Director, Brand Marketing","$147,855 / year"
"Director, Systems Engineering","$166,706 / year"
"Director, Data Engineering","$155,936 / year"
"Director, Housekeeping","$90,839 / year"
"Director, Dining Services","$103,906 / year"
Director HR Business Partner,"$164,795 / year"
"Director, Facility Operations","$121,573 / year"
"Director, Risk Management","$166,450 / year"
Deployment Lead,"$116,905 / year"
"Director, UX","$173,085 / year"
"Director, Plant Operations","$142,977 / year"
"Director, Consulting Services","$165,463 / year"
Database Administrator,"$117,923 / year"
Data Engineering Manager,"$158,213 / year"
Digital Marketing Program Manager,"$124,225 / year"
"Director, Recruitment","$124,545 / year"
"Director, Therapy Operations","$139,390 / year"
"Director, Accounting","$167,968 / year"
Data Architect,"$136,935 / year"
Digital Media Manager,"$110,720 / year"
Distribution Specialist,"$103,103 / year"
"Director, Client Services","$145,677 / year"
"Director, Asset Management","$138,462 / year"
Diagnostic Imaging Director,"$131,652 / year"
"Director, Biostatistics","$166,945 / year"
"Director, Sales Operations","$147,725 / year"
District Manager,"$104,812 / year"
"Director, Real Estate","$129,505 / year"
"Director, Payroll","$136,321 / year"
Data Integration Specialist,"$121,844 / year"
"Director, Revenue Accounting","$137,613 / year"
"Director, Quality Engineering","$164,155 / year"
"Director, IT","$159,798 / year"
"Director, Technical Program Management","$166,448 / year"
Director Demand Generation,"$152,276 / year"
"Director, Group Sales","$141,742 / year"
"Director, Events","$124,968 / year"
"Director, Technical Support","$164,512 / year"
District Sales Manager,"$129,141 / year"
"Director, Business Intelligence","$166,394 / year"
Data Warehouse/ETL Developer,"$115,832 / year"
"Director, Strategy & Planning","$146,082 / year"
"Director, Corporate Counsel","$154,537 / year"
"Director, Financial Reporting","$132,508 / year"
"Director, PMO","$165,954 / year"
Dining Services Director,"$91,025 / year"
"Director, Sales Enablement","$148,908 / year"
"Director, Mobile Engineering","$156,730 / year"
"Director, DevOps","$168,013 / year"
"Director, Nursing","$118,428 / year"
"Director, Transportation","$155,589 / year"
Dermatologist,"$150,725 / year"
Data Analytics Manager,"$148,727 / year"
"Director, People Operations","$138,991 / year"
Data Governance Analyst,"$108,269 / year"
"Director, Sales And Marketing","$140,473 / year"
"Director, Product Management","$166,743 / year"
"Director, Strategic Partnerships","$151,821 / year"
Dental Director,"$100,486 / year"
"Director, Major Gifts","$128,713 / year"
"Director, Field Operations","$153,850 / year"
"Director, Sourcing","$184,078 / year"
Data Platform Engineer,"$116,007 / year"
"Director, Global Talent Acquisition","$157,245 / year"
"Director, Facilities","$147,052 / year"
"Director, Marketing Analytics","$138,529 / year"
Data & Analytics Consultant,"$111,831 / year"
Desktop Systems Engineer,"$118,859 / year"
"Director, Sales","$165,625 / year"
"Director, Admissions","$97,714 / year"
Data Engineer,"$118,715 / year"
"Director, Customer Service","$138,384 / year"
"Director, Mechanical Engineering","$180,013 / year"
"Director, Facilities Management","$125,342 / year"
"Director, Supplier Quality","$125,336 / year"
"Director, Investor Relations","$144,899 / year"
"Director, Career Services","$97,272 / year"
Digital Marketing Director,"$140,453 / year"
Data Scientist,"$123,595 / year"
"Director, Consumer Insights","$149,953 / year"
"Director, Sciences","$161,792 / year"
"Director, Sales Development","$139,249 / year"
Database Engineer,"$124,021 / year"
Data Science Manager,"$148,667 / year"
Digital Design Engineer,"$132,135 / year"
Desktop Support Specialist,"$86,380 / year"
Digital Marketing And Social Media Manager,"$125,591 / year"
"Director, Strategic Sales","$160,524 / year"
"Director, Warehouse Operations","$125,320 / year"
"Director, Security","$167,823 / year"
"Director, Learning & Development","$145,227 / year"
"Director, Emergency Services","$106,487 / year"
Data Warehouse/ETL Engineer,"$131,685 / year"
"Director, Financial Planning & Analysis","$137,478 / year"
"Director, Diversity And Inclusion","$128,218 / year"
"Director, Operational Excellence","$142,259 / year"
"Director, Customer Experience","$133,248 / year"
"Director, Portfolio Management","$147,897 / year"
"Director, Distribution","$136,508 / year"
"Director, Organizational Development","$140,757 / year"
"Director, Materials Management","$142,751 / year"
"Director, Quality Management","$137,252 / year"
Dean,"$107,742 / year"
"Director, Logistics","$141,755 / year"
"Director, Resident Programs","$139,024 / year"
"Director, Laboratory Services","$140,973 / year"
"Director, Software Engineering","$183,525 / year"
"Director, Patient Experience","$128,158 / year"
Data Center Engineer,"$121,606 / year"
"Director, Financial Operations","$150,944 / year"
Data & Analytics Manager,"$138,189 / year"
"Director, Demand Generation","$133,107 / year"
"Director, Procurement","$152,398 / year"
"Director, Food Services","$92,932 / year"
"Director, Life Sciences","$167,870 / year"
Designer,"$115,143 / year"
Dietary Director,"$97,197 / year"
"Director, Claims Operations","$145,335 / year"
"Director, Strategy","$149,023 / year"
"Director, Customer Engagement","$147,158 / year"
"Director, Software Development","$175,029 / year"
"Director, IT Operations","$164,961 / year"
DevOps Manager,"$153,445 / year"
Development Manager,"$124,892 / year"
Data Operations Manager,"$131,868 / year"
"Director, Technical Services","$150,206 / year"
"Director, Benefits","$154,909 / year"
"Director, Front Office","$113,913 / year"
"Director, User Experience","$177,277 / year"
Data Analytics Engineer,"$127,387 / year"
Design Verification Engineer,"$132,290 / year"
Data & Applied Scientist,"$148,818 / year"
"Director, Administration","$115,290 / year"
"Director, Supply Chain","$165,075 / year"
"Director, Campus Operations","$107,422 / year"
"Director, Inside Sales","$157,556 / year"
"Director, Data Scientist","$175,857 / year"
"Director, Corporate Strategy","$149,284 / year"
"Director, Cyber Security","$179,694 / year"
"Director, Strategic Initiatives","$165,916 / year"
Director Technical Support,"$144,242 / year"
"Director, Data Science","$169,586 / year"
"Director, Infrastructure","$172,401 / year"
"Director, Growth Marketing","$141,028 / year"
"Director, Corporate Finance","$145,812 / year"
"Director, Technology","$173,947 / year"
"Director, Clinical Services","$126,368 / year"
"Director, Analytics","$157,957 / year"
"Director, Market Research","$122,404 / year"
"Director, Total Rewards","$187,961 / year"
"Director, Continuous Improvement","$150,212 / year"
Database Architect,"$130,970 / year"
"Director, Business Development","$147,495 / year"
Data Governance Specialist,"$113,350 / year"
"Director, Academic Affairs","$105,959 / year"
"Director, HR","$151,075 / year"
Drainage Engineer,"$122,055 / year"
"Director, Treasury","$165,601 / year"
"Director, Global Benefits","$147,005 / year"
"Director, Sales Engineering","$194,324 / year"
"Director, Customer Analytics","$148,542 / year"
Digital Strategist,"$114,376 / year"
Digital Marketing & Social Media Manager,"$103,844 / year"
"Director, Paid Media","$122,817 / year"
Digital Marketing Project Manager,"$108,837 / year"
"Director, Revenue Management","$156,517 / year"
Dental Hygienist,"$100,056 / year"
"Director, Clinical","$164,448 / year"
"Director, Engineering","$175,271 / year"
"Director, Enrollment","$100,241 / year"
Data Quality Specialist,"$118,903 / year"
"Director, Training","$132,419 / year"
Digital Marketing Manager,"$114,354 / year"
"Director, Product Design","$182,975 / year"
"Director, Contracts","$166,178 / year"
"Director, Digital","$159,685 / year"
"Director, HR Operations","$143,839 / year"
Database Analyst,"$113,409 / year"
"Director, Clinical Operations","$139,882 / year"
"Director, Education","$105,503 / year"
"Director, Regulatory Affairs","$173,342 / year"
"Director, Marketing And Communications","$142,756 / year"
Data Manager,"$146,992 / year"
"Director, Global Trade Compliance","$127,399 / year"
"Director, Pricing","$157,146 / year"
"Director, Corporate Development","$152,946 / year"
Design Director,"$142,625 / year"
"Director, Programs","$147,314 / year"
Development Director,"$148,149 / year"
"Director, Talent Management","$152,627 / year"
"Director, Advertising Sales","$137,877 / year"
"Director, Labor Relations","$132,298 / year"
"Director, Client Management","$143,301 / year"
"Director, Revenue Operations","$137,416 / year"
"Director, Operations","$149,871 / year"
"Director, Architecture","$130,663 / year"
"Director, Recruiting","$164,076 / year"
Data Governance Manager,"$141,791 / year"
Design Engineer,"$121,881 / year"
"Director, Quality Assurance","$159,532 / year"
"Director, Legal","$185,515 / year"
Desktop Support Manager,"$97,526 / year"
"Director, Student Services","$100,933 / year"
"Director, Process Improvement","$164,201 / year"
"Director, Outside Sales","$140,737 / year"
Enterprise Sales Engineer,"$138,060 / year"
Employee Relations Consultant,"$118,664 / year"
Electrical Engineering Project Manager,"$124,657 / year"
Email Marketing Manager,"$113,463 / year"
Engineering Program Manager,"$136,775 / year"
EHS Manager,"$108,697 / year"
Enterprise Sales Executive,"$126,418 / year"
Editor,"$95,920 / year"
Employment Counsel,"$152,098 / year"
Electrical Engineer,"$113,732 / year"
Economist,"$119,841 / year"
Email Marketing Specialist,"$103,173 / year"
Electrical Estimator,"$107,391 / year"
Employee Relations Manager,"$118,592 / year"
Event Director,"$117,291 / year"
Embedded Software/Firmware Engineer,"$126,613 / year"
Epileptologist,"$116,874 / year"
Employee Relations Specialist,"$108,431 / year"
Electrical Project Manager,"$121,294 / year"
Electrophysiologist,"$168,114 / year"
Environmental Scientist,"$106,308 / year"
Estimator,"$117,828 / year"
Education Director,"$98,089 / year"
Electrical Supervisor,"$104,102 / year"
Editorial Manager,"$116,787 / year"
Enterprise Account Manager,"$123,963 / year"
Endocrinologist,"$119,998 / year"
Embedded Software/Firmware Design Engineer,"$118,175 / year"
Event Manager,"$92,613 / year"
EHS Director,"$143,431 / year"
Environmental Project Manager,"$115,564 / year"
Email Marketing Director,"$128,517 / year"
Environmental Health & Safety Engineer,"$106,871 / year"
Epidemiologist,"$126,084 / year"
Executive Creative Director,"$176,604 / year"
Engineering Director,"$160,500 / year"
Engineering Services Manager,"$130,427 / year"
Environmental Manager,"$115,646 / year"
Endodontist,"$90,692 / year"
Enterprise Sales Director,"$170,034 / year"
Enterprise Architect,"$148,627 / year"
Enterprise Sales Manager,"$160,092 / year"
ECommerce Director,"$145,008 / year"
Exercise Physiologist,"$92,214 / year"
Enterprise Account Executive,"$125,575 / year"
Engineering Design Manager,"$131,168 / year"
Environmental Services Director,"$112,759 / year"
EMC Engineer,"$113,316 / year"
Environmental Engineering Manager,"$116,838 / year"
Education Manager,"$94,035 / year"
Environmental Engineer,"$106,561 / year"
Executive Chef,"$98,829 / year"
Engagement Manager,"$132,426 / year"
Editor In Chief,"$142,209 / year"
EHS Site Manager,"$111,802 / year"
EHS Engineer,"$103,855 / year"
Employment Attorney,"$155,712 / year"
Electronics Engineer,"$120,836 / year"
Executive Assistant,"$104,176 / year"
Electrical Engineering Manager,"$137,105 / year"
Engineering Technician,"$81,849 / year"
Engineering Project Manager,"$123,576 / year"
ECommerce Manager,"$109,757 / year"
Executive Medical Director,"$133,694 / year"
Energy Engineer,"$118,252 / year"
Environmental Planner,"$114,423 / year"
Executive Producer,"$137,553 / year"
Environmental Health & Safety Specialist,"$109,545 / year"
Equipment Engineer,"$115,994 / year"
Embedded Software Engineer,"$124,787 / year"
Environmental Specialist,"$105,872 / year"
Engineering Manager,"$149,252 / year"
Executive Director,"$139,245 / year"
Executive Recruiter,"$131,075 / year"
Environmental Health & Safety Manager,"$118,650 / year"
Electrical Project Engineer,"$110,955 / year"
EHS Specialist,"$108,314 / year"
Facilities Maintenance Manager,"$118,628 / year"
Food Service Director,"$103,313 / year"
Field Service Engineer,"$105,698 / year"
Full Stack Web Engineer,"$104,937 / year"
Finance Director,"$161,144 / year"
Finance Business Partner,"$124,604 / year"
Field Marketing Manager,"$120,569 / year"
Facilities Service Manager,"$118,891 / year"
Frontend/UI Web Engineer,"$114,523 / year"
Fire Protection Engineer,"$111,716 / year"
Facilities Project Manager,"$109,312 / year"
Finance Planning & Analysis Manager,"$127,065 / year"
Funeral Director,"$89,166 / year"
Fleet Manager,"$102,970 / year"
Food Services Director,"$156,000 / year"
Field Marketing Director,"$134,157 / year"
Fleet Maintenance Manager,"$104,199 / year"
Field Reimbursement Manager,"$130,052 / year"
Financial Reporting Manager,"$117,472 / year"
Family Medicine Physician,"$120,849 / year"
Full Stack Engineer,"$144,805 / year"
FPGA Engineer,"$132,098 / year"
Facilities Manager,"$109,573 / year"
Field Marketing Specialist,"$94,989 / year"
Financial Advisor,"$112,734 / year"
Full Stack Java Engineer,"$118,310 / year"
Faculty,"$97,533 / year"
Financial Services Manager,"$124,400 / year"
Firewall Engineer,"$120,311 / year"
Firmware Engineer,"$141,445 / year"
Field Operations Manager,"$113,809 / year"
Functional Analyst,"$121,689 / year"
Financial Analyst,"$103,221 / year"
Financial Services Tax Manager,"$129,413 / year"
Full Stack Systems Engineer,"$116,648 / year"
Facilities Engineer,"$110,566 / year"
Food Service Manager,"$97,278 / year"
Field Sales Representative,"$108,561 / year"
Finance Manager,"$123,895 / year"
Finance Associate,"$106,945 / year"
Global Marketing Manager,"$127,708 / year"
Gastroenterologist,"$164,425 / year"
General Manager,"$125,121 / year"
Geriatrician,"$175,912 / year"
Global Marketing Director,"$170,883 / year"
Graphic Designer,"$89,199 / year"
General Surgeon,"$154,550 / year"
Geospatial Analyst,"$99,660 / year"
Geotechnical Engineer,"$116,728 / year"
Geologist,"$108,372 / year"
GIS Analyst,"$92,180 / year"
Group Leader,"$133,775 / year"
General Dentist,"$137,765 / year"
Geophysicist,"$122,724 / year"
Growth Manager,"$146,213 / year"
Government Affairs Manager,"$121,534 / year"
Gynecologist,"$212,400 / year"
Geotechnical Project Manager,"$112,430 / year"
Game Engineer,"$115,632 / year"
Hospice Director,"$104,052 / year"
HR Business Partner,"$113,954 / year"
HRIS Analyst,"$110,717 / year"
Healthcare Analyst,"$103,194 / year"
Hydrogeologist,"$100,098 / year"
Head Of Schools,"$151,711 / year"
Hadoop Administrator,"$109,057 / year"
Housekeeping Director,"$90,645 / year"
HR Program Manager,"$112,852 / year"
HRIS Director,"$140,178 / year"
Hardware Test Engineer,"$122,089 / year"
Health Economist,"$121,075 / year"
Hospitalist,"$144,890 / year"
Healthcare Consultant,"$110,982 / year"
HR Project Manager,"$109,575 / year"
Health Information Management Director,"$118,433 / year"
Hadoop Engineer,"$123,547 / year"
HR Analyst,"$101,567 / year"
Hotel Operations Manager,"$112,364 / year"
Hospital Chief Executive Officer,"$228,905 / year"
Health Information Manager,"$103,236 / year"
Hardware Engineering Manager,"$150,180 / year"
Human Resources Manager,"$93,770 / year"
HR Consultant,"$109,686 / year"
Health Outcomes Pharmacist,"$107,343 / year"
HRIS Manager,"$115,403 / year"
Hematopathologist,"$221,995 / year"
Healthcare Director,"$127,107 / year"
HR Partner,"$114,899 / year"
HR Advisor,"$111,802 / year"
Home Health Director,"$114,227 / year"
Hematologist,"$185,888 / year"
HR Analytics Manager,"$120,605 / year"
HR Leader,"$133,282 / year"
Healthcare Manager,"$107,730 / year"
Hardware Engineer,"$125,888 / year"
Hematologist Oncologist,"$175,595 / year"
HR Generalist,"$97,371 / year"
Healthcare Account Director,"$118,728 / year"
HR Manager,"$111,555 / year"
Healthcare Project Manager,"$113,430 / year"
Healthcare Associate,"$105,839 / year"
HR Specialist,"$94,327 / year"
Implementation Engineer,"$114,937 / year"
International Tax Manager,"$125,546 / year"
Implementation Specialist,"$105,923 / year"
IT Infrastructure Project Manager,"$131,216 / year"
Infectious Disease Physician,"$125,590 / year"
Infrastructure Project Manager,"$115,073 / year"
Immunologist,"$146,371 / year"
IT Solutions Consultant,"$122,185 / year"
IT Specialist,"$110,592 / year"
IT Consulting Manager,"$146,154 / year"
IT Infrastructure Manager,"$152,036 / year"
Inside Sales Director,"$113,865 / year"
IT Infrastructure Engineer,"$122,329 / year"
Industrial Hygienist,"$111,398 / year"
IT Systems Analyst,"$108,869 / year"
International Tax Director,"$154,568 / year"
IT Security Consultant,"$119,433 / year"
Incident Response Analyst,"$119,818 / year"
Industrial Engineer,"$111,935 / year"
Internal Auditor,"$107,834 / year"
IT Operations Engineer,"$130,050 / year"
Imagery Analyst,"$115,359 / year"
Information Architect,"$138,092 / year"
Informatics Pharmacist,"$112,011 / year"
Incident Response Manager,"$140,241 / year"
Investment Advisor,"$141,760 / year"
IT Systems Consultant,"$120,779 / year"
Instructional Designer,"$91,796 / year"
IT Security Systems Engineer,"$117,383 / year"
Implementation Project Manager,"$112,905 / year"
IT Consultant,"$114,423 / year"
Intellectual Property Associate,"$151,607 / year"
IT Security Analyst,"$108,807 / year"
IT Compliance Manager,"$136,835 / year"
IT Configuration Manager,"$126,124 / year"
IT Systems Administrator,"$110,338 / year"
IT Security Researcher,"$125,555 / year"
Investment Analyst,"$109,693 / year"
IT Engineering Manager,"$174,096 / year"
Intellectual Property Counsel,"$146,883 / year"
IT Infrastructure Architect,"$138,628 / year"
IT Quality Assurance Manager,"$132,233 / year"
Inventory Manager,"$118,906 / year"
IT Business Relationship Manager,"$141,281 / year"
IT Scrum Master,"$111,921 / year"
Industrial Designer,"$106,601 / year"
Investigator,"$98,644 / year"
IT Security Architect,"$141,738 / year"
IT Security Project Manager,"$131,075 / year"
Intelligence Analyst,"$123,083 / year"
Instructor,"$107,248 / year"
IT Technical Lead,"$124,457 / year"
IT Project Manager,"$120,402 / year"
IT Security Program Manager,"$130,944 / year"
Investment Manager,"$138,802 / year"
Information Assurance Analyst,"$114,215 / year"
IT Infrastructure Specialist,"$113,257 / year"
IT Team Manager,"$138,172 / year"
IT Security Manager,"$139,833 / year"
Implementation Consultant,"$105,009 / year"
IT Field Engineer,"$107,728 / year"
IT Infrastructure Administrator,"$106,945 / year"
IT Security Officer,"$122,352 / year"
IT Analyst,"$108,722 / year"
IT Security Specialist,"$109,081 / year"
Internal Communications Director,"$128,900 / year"
IT Business Consultant,"$115,622 / year"
IT Systems Engineer,"$117,612 / year"
Interaction Designer,"$140,366 / year"
IT Operations Manager,"$149,656 / year"
IT Infrastructure Consultant,"$123,082 / year"
Internal Audit Manager,"$119,867 / year"
Interior Design Manager,"$108,191 / year"
Inside Sales Representative,"$99,123 / year"
Information Assurance Specialist,"$123,430 / year"
Implementation Manager,"$119,057 / year"
Information Assurance Engineer,"$129,131 / year"
Internal Medicine Physician,"$151,774 / year"
Inside Sales Manager,"$129,976 / year"
Intelligence Specialist,"$119,092 / year"
Information Systems Security Officer (ISSO),"$120,312 / year"
Information Systems Manager,"$130,484 / year"
Inside Sales Account Manager,"$104,695 / year"
IT Program Manager,"$129,428 / year"
IT Asset Manager,"$134,247 / year"
IT Risk Analyst,"$116,249 / year"
IT Security Administrator,"$113,550 / year"
Interior Designer,"$96,759 / year"
IT Auditor,"$106,167 / year"
Intensivist,"$184,208 / year"
IT Security Engineer,"$130,583 / year"
IT Manager,"$129,306 / year"
Information Assurance Manager,"$126,740 / year"
Industrial Engineering Manager,"$127,712 / year"
Industrial Specialist,"$124,863 / year"
IT Compliance Analyst,"$119,190 / year"
Information Security Engineer,"$126,918 / year"
IT Audit Manager,"$139,111 / year"
IT Audit Director,"$153,110 / year"
IT Systems Manager,"$145,774 / year"
IT Risk Manager,"$143,305 / year"
IT Support Engineer,"$113,745 / year"
Java Application Engineer,"$117,414 / year"
JavaScript Engineer,"$101,809 / year"
Knowledge Manager,"$109,696 / year"
Logistics Analyst,"$110,215 / year"
Learning & Development Specialist,"$99,089 / year"
Lecturer,"$83,120 / year"
Lead Quality Assurance Engineer,"$121,919 / year"
Legal Secretary,"$87,211 / year"
Licensed Therapist,"$104,255 / year"
Legal Director,"$161,990 / year"
Learning Specialist,"$103,460 / year"
Litigation Associate,"$131,979 / year"
Lead Salesforce Engineer,"$134,005 / year"
Land Surveyor,"$120,047 / year"
Labor & Employment Associate,"$148,942 / year"
Logistics Specialist,"$110,821 / year"
Learning & Development Manager,"$118,707 / year"
Laboratory Manager,"$112,869 / year"
Linux System Administrator,"$108,816 / year"
Legal Analyst,"$95,574 / year"
Linux Systems Engineer,"$124,782 / year"
Logistics Engineer,"$116,605 / year"
Litigation Attorney,"$155,747 / year"
Location Manager,"$100,692 / year"
Lead Java Software Engineer,"$129,114 / year"
Landscape Architect,"$101,794 / year"
Lead Technical Project Manager,"$127,159 / year"
Lead Product Manager,"$150,384 / year"
Legal Manager,"$127,872 / year"
Laboratory Director,"$126,343 / year"
Legal Specialist,"$106,387 / year"
Logistics Manager,"$116,573 / year"
Lead Database Administrator,"$124,641 / year"
Mental Health Director,"$110,153 / year"
Mortgage Consultant,"$119,875 / year"
Mechanical Engineering Project Manager,"$111,653 / year"
Medical Resident,"$126,500 / year"
Managed Care Director,"$138,564 / year"
Mechanical Estimator,"$97,544 / year"
Merchandising Director,"$142,597 / year"
Maternal Fetal Medicine Physician,"$163,954 / year"
"Manager, Sciences","$119,806 / year"
Mining Engineer,"$118,400 / year"
Medical Science Liasion,"$116,666 / year"
"Manager, Mechanical Engineering","$113,498 / year"
"Manager, Biostatistics","$148,787 / year"
Medical Technologist,"$110,542 / year"
Manufacturing Engineer,"$112,416 / year"
Marketing And Communications Manager,"$108,851 / year"
Mission Systems Engineer,"$136,251 / year"
Market Director,"$150,781 / year"
Marketing Proposal Specialist,"$102,468 / year"
Medical Writer,"$115,263 / year"
Maintenance Supervisor,"$85,916 / year"
"Manager, Care Management","$100,359 / year"
Marketing Operations Manager,"$119,870 / year"
Marketing And Admissions Director,"$139,411 / year"
Microbiologist,"$92,565 / year"
Managing Editor,"$107,423 / year"
Manufacturing Director,"$131,609 / year"
Municipal Engineer,"$151,451 / year"
Materials Engineer,"$112,453 / year"
Marketing Specialist,"$96,635 / year"
Mechanical Engineering Manager,"$132,133 / year"
Medical Records Director,"$156,859 / year"
Marketing Manager,"$114,474 / year"
Meteorologist,"$96,947 / year"
Marketing Program Manager,"$107,808 / year"
Marketing And Communications Specialist,"$107,893 / year"
Marketing Analyst,"$100,103 / year"
Media Supervisor,"$97,369 / year"
Marketing Automation Manager,"$99,625 / year"
Market Development Director,"$140,382 / year"
Masters Level Therapist,"$111,438 / year"
"Manager, Technology","$135,919 / year"
Machine Learning Research Scientist,"$138,511 / year"
"Manager, Organizational Effectiveness","$140,181 / year"
Major Market Sales Executive,"$123,837 / year"
Marine Engineer,"$111,323 / year"
Medical Physicist,"$141,325 / year"
Marketing And Communications Director,"$130,517 / year"
Military Analyst,"$114,492 / year"
Manufacturing Engineering Manager,"$129,553 / year"
Maintenance Engineer,"$106,046 / year"
Material Program Manager,"$114,141 / year"
Major Account Sales District Manager,"$103,773 / year"
Management Consultant,"$104,149 / year"
Marketing Operations Director,"$145,282 / year"
"Manager, Clinical","$99,187 / year"
"Manager, Life Sciences","$133,330 / year"
Medical Science Liaison,"$130,818 / year"
Market Development Manager,"$118,319 / year"
Materials Manager,"$114,013 / year"
Mechanical Engineer,"$112,809 / year"
Marketing Proposal Manager,"$121,217 / year"
Managing Director,"$212,457 / year"
Microsoft Systems Engineer,"$123,361 / year"
Machine Learning Scientist,"$137,307 / year"
Maintenance Manager,"$116,302 / year"
Marketing Project Manager,"$97,476 / year"
Memory Care Director,"$120,304 / year"
Marketing Director,"$146,164 / year"
Media Director,"$166,910 / year"
Mechanical Designer,"$106,816 / year"
MEP Manager,"$132,050 / year"
Marketing Account Manager,"$97,797 / year"
Media Manager,"$114,613 / year"
Medical Director,"$136,863 / year"
Merchandising Manager,"$110,707 / year"
Network Engineer,"$120,274 / year"
Network Architect,"$146,853 / year"
Network Security Engineer,"$121,674 / year"
Nutrition Director,"$106,223 / year"
Network Operations Center (NOC) Engineer,"$119,685 / year"
News Director,"$111,248 / year"
Nurse Clinician,"$107,733 / year"
Network Engineering Manager,"$147,848 / year"
Network Analyst,"$120,058 / year"
Network Specialist,"$112,553 / year"
Network Security Administrator,"$107,051 / year"
NetSuite Engineer,"$113,617 / year"
Neurosurgeon,"$225,050 / year"
Nephrologist,"$162,555 / year"
Network Security Architect,"$128,302 / year"
Neuroscience Account Manager,"$108,583 / year"
National Sales Director,"$147,547 / year"
Network Operations Specialist,"$124,845 / year"
Nurse Manager,"$117,517 / year"
Network Security Analyst,"$116,898 / year"
Neonatologist,"$176,647 / year"
National Account Executive,"$125,433 / year"
Nurse Educator,"$100,225 / year"
Network Administrator,"$104,184 / year"
Nutrition Manager,"$99,031 / year"
Nuclear Engineer,"$114,668 / year"
Network Support Engineer,"$107,026 / year"
Neurologist,"$149,688 / year"
Nurse Practitioner (NP),"$128,530 / year"
Nurse,"$117,811 / year"
Nurse Care Manager,"$112,479 / year"
Network Operations Engineer,"$120,593 / year"
Network Systems Engineer,"$114,658 / year"
Nurse Case Manager,"$104,906 / year"
Oncologist,"$134,268 / year"
Oracle Engineer,"$133,930 / year"
Operations Consultant,"$105,681 / year"
Occupational Medicine Physician,"$134,603 / year"
Oncology Medical Science Liaison,"$151,595 / year"
Oncology Account Manager,"$133,893 / year"
Optometrist,"$100,882 / year"
Ophthalmologist,"$128,205 / year"
Operations Engineer,"$117,653 / year"
Organizational Development Consultant,"$109,503 / year"
Orthopedic Surgeon,"$196,617 / year"
Otolaryngologist,"$157,781 / year"
Orthodontist,"$94,717 / year"
Operations Officer,"$113,672 / year"
Operations Analyst,"$98,241 / year"
Optical Engineer,"$134,499 / year"
Orthopedic Physician,"$174,352 / year"
Oracle Database Administrator,"$122,058 / year"
Operational Excellence Manager,"$111,144 / year"
Organizational Effectiveness Consultant,"$117,202 / year"
Outside Sales Manager,"$121,952 / year"
Organizational Development Manager,"$123,508 / year"
Office Administrator,"$87,771 / year"
Occupational Therapist,"$101,464 / year"
Organizational Change Manager,"$119,353 / year"
Office Manager,"$87,241 / year"
Operations Lead,"$121,931 / year"
Oral Surgeon,"$125,085 / year"
Operations Supervisor,"$85,491 / year"
Operations Manager,"$112,786 / year"
Outside Sales Representative,"$105,330 / year"
Organizational Development Specialist,"$97,845 / year"
Operations Specialist,"$105,517 / year"
Operations Director,"$125,818 / year"
Outside Sales Consultant,"$111,656 / year"
Pharmacist,"$122,026 / year"
Pediatric Surgeon,"$137,938 / year"
Program Management Manager,"$127,995 / year"
Patent Counsel,"$147,442 / year"
Professor,"$97,109 / year"
Practice Administrator,"$98,210 / year"
Postdoctoral Fellow,"$108,302 / year"
Partnership Director,"$149,842 / year"
Practice Director,"$140,512 / year"
Photographer,"$82,875 / year"
Pediatrician,"$156,064 / year"
Process Improvement Manager,"$114,340 / year"
Physical Therapist,"$98,291 / year"
Project Lead,"$125,492 / year"
Program Manager,"$123,360 / year"
Principal Software Engineer,"$152,421 / year"
Psychologist,"$125,338 / year"
Pulmonologist,"$176,165 / year"
Physician Assistant,"$123,786 / year"
Program Director,"$138,501 / year"
Process Improvement Specialist,"$115,102 / year"
Project Analyst,"$104,218 / year"
Partner,"$213,907 / year"
Project Controls Specialist,"$112,815 / year"
Project Controls Manager,"$122,354 / year"
Payroll Analyst,"$99,099 / year"
Platform Engineer,"$133,108 / year"
Partner Manager,"$144,216 / year"
Product Marketing Specialist,"$117,365 / year"
Public Relations Manager,"$113,892 / year"
Physical Design Engineer,"$131,252 / year"
Principal Engineering Manager,"$162,381 / year"
Postdoctoral Scientist,"$119,368 / year"
Pharmaceutical Sales Representative,"$108,343 / year"
Partnership Manager,"$122,780 / year"
Pricing Manager,"$120,246 / year"
Product Specialist,"$125,160 / year"
Prosthodontist,"$105,789 / year"
Product Designer,"$128,957 / year"
Product Counsel,"$174,744 / year"
Pricing Analyst,"$112,126 / year"
"Project Manager, Life Sciences","$106,065 / year"
Project Coordinator,"$84,465 / year"
Product Analyst,"$118,473 / year"
Privacy Counsel,"$162,702 / year"
Plant Operations Manager,"$106,144 / year"
Purchasing Specialist,"$112,438 / year"
Payroll Manager,"$105,415 / year"
Program Management Director,"$161,781 / year"
Purchasing Manager,"$107,819 / year"
Plant Controller,"$107,122 / year"
Plant HR Manager,"$119,465 / year"
Physician Advisor,"$141,796 / year"
Patient Services Manager,"$116,294 / year"
Process Manager,"$123,595 / year"
Project Management Consultant,"$113,219 / year"
Product Design Manager,"$150,425 / year"
Production Director,"$135,113 / year"
Palliative Care Physician,"$139,507 / year"
Physical Therapy Director,"$106,915 / year"
Project Architect,"$106,896 / year"
Paralegal,"$99,998 / year"
Psychiatry Sales Representative,"$147,157 / year"
Principal Reliability Engineer,"$150,139 / year"
Product Marketing Manager,"$126,073 / year"
Pilot,"$113,990 / year"
Physician,"$134,432 / year"
Producer,"$105,508 / year"
Production Support Engineer,"$117,321 / year"
Primary Therapist,"$172,473 / year"
Public Relations Director,"$151,065 / year"
Patent Agent,"$110,252 / year"
Principal Systems Engineer,"$145,663 / year"
Program Specialist,"$105,654 / year"
Product Owner,"$127,229 / year"
Portfolio Manager,"$136,004 / year"
Postdoctoral Research Associate,"$112,830 / year"
Patient Services Director,"$137,923 / year"
Packaging Engineer,"$111,921 / year"
PCB Design Engineer,"$121,713 / year"
Principal Software Engineering Lead,"$145,237 / year"
Public Relations Specialist,"$106,940 / year"
Program Analyst,"$110,046 / year"
Physicist,"$131,729 / year"
President,"$244,166 / year"
Pricing Director,"$131,016 / year"
Program Management Specialist,"$116,067 / year"
Private Client Services Tax Manager,"$129,446 / year"
Patient Safety Director,"$126,995 / year"
Pre-Sales Engineer,"$127,675 / year"
Planning Manager,"$124,989 / year"
Podiatrist,"$122,829 / year"
Pharmacy Resident,"$91,654 / year"
Patient Care Pharmacist,"$104,139 / year"
Procurment Manager,"$109,422 / year"
Process Engineering Manager,"$131,073 / year"
Patient Account Manager,"$87,987 / year"
Pediatric Specialist,"$124,146 / year"
Periodontist,"$93,634 / year"
Physical Therapy Manager,"$102,876 / year"
Patent Associate,"$115,519 / year"
Physician Relations Manager,"$107,878 / year"
Product Engineer,"$124,442 / year"
Physiatrist,"$136,019 / year"
Propulsion Engineer,"$127,309 / year"
Product Development Manager,"$133,540 / year"
Perfusionist,"$118,886 / year"
Penetration Tester,"$110,632 / year"
Professional Services Manager,"$125,244 / year"
Purchasing Director,"$150,482 / year"
Product Development Engineer,"$118,483 / year"
Public Relations And Social Media Manager,"$135,519 / year"
Principal Scientist,"$138,991 / year"
Product Delivery Manager,"$130,630 / year"
Platform Architect,"$142,649 / year"
Property Manager,"$103,667 / year"
Plant Manager,"$120,655 / year"
Population Health Manager,"$130,605 / year"
Product Manager,"$132,908 / year"
Product Management Director,"$164,154 / year"
Product Design Specialist,"$133,480 / year"
Product Line Manager,"$139,917 / year"
Private Equity Associate,"$153,179 / year"
Pre-Sales Specialist,"$136,964 / year"
Process Development Scientist,"$125,043 / year"
Patient Access Director,"$132,636 / year"
Project Engineer,"$112,269 / year"
Principal,"$131,947 / year"
Plant Engineering Manager,"$115,425 / year"
Procurement Specialist,"$99,563 / year"
Production Manager,"$115,195 / year"
Production Planning Manager,"$116,922 / year"
Psychotherapist,"$106,215 / year"
Pediatric Anesthesiologist,"$255,551 / year"
Process Development Engineer,"$112,472 / year"
Project Integrator,"$130,222 / year"
Payroll Specialist,"$101,368 / year"
Psychiatrist,"$188,789 / year"
Proposal Manager,"$113,440 / year"
Pediatric Dentist,"$133,468 / year"
Plant Engineer,"$111,497 / year"
Process Engineer,"$112,685 / year"
Pharmacy Manager,"$128,129 / year"
Project Manager,"$111,737 / year"
Pharmacy Director,"$151,372 / year"
Partner Engineer,"$144,524 / year"
Programmer Analyst,"$109,289 / year"
Procurement Manager,"$120,662 / year"
Production Engineer,"$120,538 / year"
Primary Care Physician,"$139,377 / year"
Preconstruction Manager,"$135,044 / year"
Pathologist,"$156,197 / year"
Professional Services Consultant,"$125,673 / year"
Plant Quality Manager,"$121,084 / year"
Procurement Director,"$146,217 / year"
Product Marketing Director,"$167,900 / year"
Pharmacy Operations Manager,"$124,357 / year"
Pipeline Engineer,"$113,976 / year"
Patient Access Manager,"$105,363 / year"
Physician Practice Manager,"$113,921 / year"
Payroll Administrator,"$105,195 / year"
Postdoctoral Scholar,"$88,777 / year"
Project Director,"$148,927 / year"
Protection Engineer,"$110,697 / year"
Payroll Director,"$148,621 / year"
Quality Assurance Engineer,"$106,523 / year"
Quality Assurance Specialist,"$100,414 / year"
Quantitative Research Analyst,"$154,452 / year"
Quality Control Manager,"$112,287 / year"
Quantitative Analyst,"$122,873 / year"
Quality Engineer,"$106,626 / year"
Quality Specialist,"$111,480 / year"
Quality Assurance Manager,"$124,831 / year"
Quality Engineering Manager,"$132,806 / year"
Quality Manager,"$110,271 / year"
Quality Test Engineer,"$127,089 / year"
Quality Control Supervisor,"$99,241 / year"
Quality Analyst,"$96,701 / year"
Quality Supervisor,"$95,750 / year"
Quality Director,"$129,669 / year"
Quality Systems Manager,"$114,835 / year"
Quality Assurance Automation Test Engineer,"$113,764 / year"
Quality Program Manager,"$123,271 / year"
RN Case Manager,"$103,435 / year"
Respiratory Therapy Manager,"$103,415 / year"
Revenue Manager,"$118,054 / year"
Revenue Director,"$127,199 / year"
RF Engineer,"$125,959 / year"
Rehabilitation Director,"$109,754 / year"
Reservoir Engineer,"$111,834 / year"
Resident Engineer,"$112,012 / year"
Roadway Engineer,"$116,472 / year"
Regulatory Specialist,"$126,858 / year"
Recruiting Manager,"$113,592 / year"
Rheumatologist,"$131,817 / year"
Respiratory Therapy Director,"$115,873 / year"
Relationship Manager,"$117,275 / year"
Research Engineer,"$120,502 / year"
Real Estate Associate,"$119,455 / year"
Research Analyst,"$107,010 / year"
Robotics Engineer,"$116,471 / year"
Requirements Manager,"$153,611 / year"
Resident Care Director,"$94,251 / year"
Radiologist,"$187,135 / year"
Research Project Manager,"$101,481 / year"
Regional Controller,"$131,958 / year"
Resident Service Director,"$112,883 / year"
Regulatory Affairs Manager,"$130,268 / year"
Regional Account Manager,"$119,361 / year"
Research Associate,"$98,327 / year"
Retail Pharmacist,"$123,454 / year"
R&D Engineer,"$119,227 / year"
Revenue Analyst,"$107,318 / year"
Research Scientist,"$122,071 / year"
Regional Business Manager,"$140,239 / year"
Registered Nurse (RN),"$113,314 / year"
Requirements Analyst,"$115,559 / year"
Respiratory Therapist,"$101,831 / year"
Retail Manager,"$111,846 / year"
Retail Sales Director,"$111,798 / year"
RN Director,"$115,365 / year"
RN Care Manager,"$111,974 / year"
Radar Systems Engineer,"$142,976 / year"
Retail Store Manager,"$92,797 / year"
Release Manager,"$130,069 / year"
Resident Director,"$81,956 / year"
Risk Analyst,"$116,647 / year"
Reimbursement Manager,"$129,648 / year"
Recruiter,"$104,493 / year"
Research Investigator,"$109,323 / year"
Regulatory Affairs Specialist,"$128,551 / year"
Radar Signal Processing Engineer,"$118,164 / year"
Risk Management Consultant,"$122,066 / year"
Radiology Manager,"$108,262 / year"
RF Design Engineer,"$125,719 / year"
Recreation Director,"$85,357 / year"
Risk Manager,"$131,581 / year"
Researcher,"$118,586 / year"
Real Estate Attorney,"$125,153 / year"
Reliability Engineer,"$117,139 / year"
Research Director,"$128,273 / year"
R&D Systems Engineer,"$122,885 / year"
Release Engineer,"$141,635 / year"
Registrar,"$81,451 / year"
Regional Sales Director,"$148,129 / year"
Regional Sales Executive,"$136,650 / year"
Research Manager,"$116,221 / year"
Superintendent,"$114,903 / year"
Solutions Engineer,"$130,995 / year"
Salesforce Analyst,"$99,125 / year"
State & Local Tax Manager,"$130,223 / year"
Signal Integrity Engineer,"$147,930 / year"
SR. Account Manager,"$109,518 / year"
SAP Project Manager,"$116,621 / year"
SAP Engineer,"$131,017 / year"
Sales Director,"$154,552 / year"
Supply Chain Project Manager,"$113,813 / year"
SQL Engineer,"$110,104 / year"
Server Administrator,"$106,580 / year"
Salesforce Engineer,"$121,440 / year"
Solutions Architect,"$143,707 / year"
Senior Windows Administrator,"$118,666 / year"
Space Systems Engineer,"$144,221 / year"
Senior Account Executive,"$124,163 / year"
Software Infrastructure Engineer,"$132,674 / year"
Statistician,"$116,419 / year"
Senior Database Engineer,"$125,676 / year"
Sports Medicine Physician,"$113,825 / year"
Senior UI Software Engineer,"$126,841 / year"
Software Technical Lead,"$135,941 / year"
System Integration And Test Engineer,"$126,245 / year"
Social Media,"$102,137 / year"
SR. Business Intelligence Analyst,"$111,729 / year"
SEO/SEM Manager,"$106,746 / year"
Sourcing Manager,"$121,239 / year"
Sleep Medicine Physician,"$159,609 / year"
Senior Administrative Assistant,"$109,624 / year"
SEC Reporting Manager,"$128,196 / year"
Sales Support Manager,"$117,209 / year"
Senior Firmware Engineer,"$134,758 / year"
Safety Director,"$132,362 / year"
SR. BI Engineer,"$130,699 / year"
Senior Salesforce Engineer,"$127,448 / year"
Senior Quality Assurance Engineer,"$117,085 / year"
Site Reliability Engineer (SRE),"$125,550 / year"
Senior Program Analyst,"$116,875 / year"
Special Skills Officer,"$112,104 / year"
Senior Optical Engineer,"$131,169 / year"
Systems Integration Engineer,"$128,582 / year"
Site Controller,"$119,097 / year"
"Senior Manager, Software Development","$150,712 / year"
Substance Abuse Counselor,"$102,211 / year"
Sales And Marketing Director,"$132,625 / year"
Social Media Manager,"$93,748 / year"
Senior Technical Program Manager,"$141,301 / year"
Senior Systems Engineer,"$130,345 / year"
Store Director,"$136,414 / year"
Speech Language Pathologist,"$99,900 / year"
Storage Administrator,"$109,932 / year"
Studio Manager,"$111,301 / year"
Senior Manager,"$136,767 / year"
Senior Agile Coach,"$135,892 / year"
System Engineer,"$125,249 / year"
Simulation Engineer,"$133,891 / year"
Salesforce Consultant,"$113,168 / year"
Security Manager,"$114,360 / year"
Software Development Director,"$177,500 / year"
Systems Engineering Manager,"$156,510 / year"
Senior Mobile Engineer,"$115,884 / year"
Senior Cloud Software Engineer,"$128,309 / year"
Software Engineer,"$121,042 / year"
Sales Engineering Manager,"$164,090 / year"
Senior Clinical Trial Manager,"$123,523 / year"
Senior Account Manager,"$121,892 / year"
Senior Finance Manager,"$135,127 / year"
Senior Scientist,"$120,242 / year"
Software Test Engineer,"$110,928 / year"
Supply Chain Manager,"$116,560 / year"
Sales Support Specialist,"$92,294 / year"
Senior Front End Software Engineer,"$121,247 / year"
Supply Chain Program Manager,"$132,699 / year"
Service Engineer,"$121,386 / year"
Social Media Specialist,"$89,087 / year"
Staff Scientist,"$133,894 / year"
Senior SQL DBA,"$109,629 / year"
Senior Director,"$188,825 / year"
Supply Chain Analyst,"$108,219 / year"
Store Manager,"$96,445 / year"
Service Manager,"$112,647 / year"
Scientific Manager,"$146,345 / year"
Senior Accountant,"$113,195 / year"
Solutions Engineering Manager,"$159,156 / year"
Senior R&D Engineer,"$137,660 / year"
Senior Full Stack Software Engineer,"$121,669 / year"
Satellite Systems Engineer,"$135,857 / year"
Site Director,"$96,683 / year"
Senior Network Engineer,"$124,609 / year"
Solution Architect,"$138,343 / year"
Security Engineering Manager,"$159,874 / year"
Senior Data Engineer,"$123,451 / year"
Senior Chemical Engineer,"$114,394 / year"
Salesforce Administrator,"$100,529 / year"
Senior Environmental Engineer,"$114,150 / year"
SEO/SEM Director,"$150,395 / year"
Senior Social Media Manager,"$122,360 / year"
Site Reliability Engineer,"$123,258 / year"
SharePoint Engineer,"$118,198 / year"
Surgeon,"$105,215 / year"
Senior Oracle DBA,"$123,248 / year"
Site Reliability Engineering Manager,"$157,159 / year"
Storage Engineer,"$134,516 / year"
Senior Quality Manager,"$126,543 / year"
Scientist,"$111,785 / year"
Statistical Engineer,"$126,932 / year"
Senior Sales Engineer,"$133,115 / year"
Social Services Director,"$110,132 / year"
Supplier Manager,"$126,910 / year"
Sales Representative,"$109,571 / year"
Systems Administrator,"$105,270 / year"
Salesforce Project Manager,"$118,955 / year"
Senior Linux Administrator,"$125,432 / year"
Systems Engineer,"$124,430 / year"
Senior Test Engineer,"$123,744 / year"
"Senior Director, Sales","$159,885 / year"
Safety Engineer,"$108,561 / year"
SAP Solution Architect,"$147,327 / year"
Senior Hardware Engineer,"$144,527 / year"
Software Configuration Manager,"$131,414 / year"
Senior IT Program Manager,"$137,472 / year"
Senior Buyer,"$116,845 / year"
Senior Software Development Engineer,"$118,992 / year"
Structural Engineer,"$119,197 / year"
Systems Architect,"$143,517 / year"
Sales Analyst,"$96,122 / year"
Strategic Sourcing Manager,"$135,546 / year"
Senior Biostatistician,"$117,532 / year"
System Center Configuration Manager (SCCM) Engineer,"$122,020 / year"
Senior Database Administrator,"$122,639 / year"
Senior Financial Analyst,"$106,298 / year"
Specialty Pharmacist,"$112,423 / year"
Software Support Engineer,"$103,836 / year"
Senior IT Consultant,"$116,265 / year"
Senior Producer,"$118,935 / year"
Security Officer,"$109,547 / year"
System Safety Engineer,"$137,515 / year"
Solutions Consultant,"$127,342 / year"
Sales Training Manager,"$136,819 / year"
Sales Consultant,"$108,360 / year"
Salesforce Solution Architect,"$135,198 / year"
Supplier Program Manager,"$129,157 / year"
Site Manager,"$127,139 / year"
SIGINT Systems Engineer,"$144,119 / year"
Sales Specialist,"$107,649 / year"
Strategic Communications Director,"$122,898 / year"
Supplier Quality Engineer,"$112,437 / year"
Social Worker,"$103,644 / year"
Senior Machine Learning Engineer,"$139,812 / year"
Software Development Manager,"$154,295 / year"
Subcontracts Manager,"$116,511 / year"
Service Delivery Manager,"$120,018 / year"
Strategic Marketing Director,"$146,838 / year"
Sales Manager,"$122,559 / year"
"Senior Scientist, Chemistry","$125,673 / year"
Salesforce Technical Lead,"$143,161 / year"
Social Media Director,"$123,805 / year"
Sales Trainer,"$105,137 / year"
Survey Manager,"$122,376 / year"
Senior Electrical Engineer,"$116,873 / year"
SharePoint Administrator,"$112,073 / year"
SAP Business Analyst,"$116,791 / year"
Supplier Quality Manager,"$123,654 / year"
Senior Storage Administrator,"$126,833 / year"
Sales Operations Analyst,"$121,790 / year"
Software Sales Consultant,"$124,975 / year"
Strategy Manager,"$139,712 / year"
Software Engineering Manager,"$160,438 / year"
Signal Processing Engineer,"$125,970 / year"
Sales Engineer,"$121,692 / year"
Senior DevOps Engineer,"$125,373 / year"
Senior Regulatory Affairs Specialist,"$116,625 / year"
Senior Data Analyst,"$111,758 / year"
Systems Analyst,"$111,822 / year"
Senior Associate,"$124,201 / year"
Scrum Master,"$109,428 / year"
Senior Program Manager,"$134,023 / year"
Senior Research Scientist,"$123,966 / year"
Software Development Engineer In Test (SDET),"$118,293 / year"
Software Manager,"$144,265 / year"
Senior Systems Architect,"$146,506 / year"
SAP Consultant,"$124,437 / year"
Senior User Experience Designer,"$120,028 / year"
Support Escalation Engineer,"$112,510 / year"
Safety Manager,"$116,568 / year"
Senior Researcher,"$117,401 / year"
Salesforce Business Analyst,"$111,188 / year"
Sourcing Specialist,"$105,347 / year"
Senior Data Scientist,"$126,856 / year"
Systems Performance Engineer,"$136,088 / year"
Staff Pharmacist,"$107,049 / year"
Sales Solution Architect,"$118,445 / year"
Subject Matter Expert,"$135,024 / year"
Senior Programmer Analyst,"$122,250 / year"
Senior Controller,"$112,804 / year"
Senior Principal Systems Engineer,"$142,895 / year"
Senior Embedded Software Engineer,"$133,283 / year"
Trust Advisor,"$115,205 / year"
Therapist,"$108,047 / year"
Treasury Manager,"$125,589 / year"
Talent Development Specialist,"$110,929 / year"
Training Manager,"$108,184 / year"
Travel Consultant,"$108,218 / year"
Treasury Analyst,"$118,748 / year"
Transportation Manager,"$102,719 / year"
Total Rewards Manager,"$138,036 / year"
Talent Management Specialist,"$115,150 / year"
Technical Support Analyst,"$108,649 / year"
Technical Product Owner,"$120,713 / year"
Technical Architect,"$140,579 / year"
Technical Support Engineer,"$106,986 / year"
Telecommunications Specialist,"$90,539 / year"
Technical Account Executive,"$111,602 / year"
Tax Advisor,"$108,673 / year"
Tax Partner,"$173,335 / year"
Technical Product Manager,"$137,532 / year"
Treatment Center Director,"$114,351 / year"
Teacher,"$82,410 / year"
Team Manager,"$112,399 / year"
Treasurer,"$186,022 / year"
Territory Sales Director,"$155,924 / year"
Technical Sales Consultant,"$127,595 / year"
Therapeutic Specialist,"$133,352 / year"
Talent Development Manager,"$118,478 / year"
Tax Director,"$158,857 / year"
Technical Recruiter,"$103,777 / year"
Tax Associate,"$117,074 / year"
Targeting Officer,"$118,389 / year"
Transportation Project Manager,"$132,292 / year"
Training Specialist,"$100,038 / year"
Tax Accountant,"$107,228 / year"
Telecommunications Analyst,"$112,121 / year"
Transportation Engineer,"$112,230 / year"
Technology Lead,"$131,342 / year"
Threat Analyst,"$124,301 / year"
Technical Engineer,"$116,291 / year"
Transaction Services Manager,"$134,009 / year"
Technical Project Manager,"$118,202 / year"
Technical Support Specialist,"$102,065 / year"
Technical Writer,"$106,456 / year"
Technical Director,"$134,975 / year"
Territory Sales Representative,"$111,778 / year"
Talent Acquisition Specialist,"$97,654 / year"
Telecommunications Engineer,"$117,871 / year"
Tooling Engineer,"$111,149 / year"
Technical Customer Support Engineer,"$103,036 / year"
Technical Sales Representative,"$115,655 / year"
Telecommunications Manager,"$119,027 / year"
Technical Integration Consultant,"$112,678 / year"
Transaction Manager,"$124,193 / year"
Toxicologist,"$115,207 / year"
Tax Manager,"$127,232 / year"
Technical Manager,"$132,896 / year"
Trader,"$141,745 / year"
Trainer,"$89,492 / year"
Technical Analyst,"$111,140 / year"
Technical Solutions Architect,"$138,366 / year"
Training Developer,"$121,035 / year"
Talent Management Manager,"$134,301 / year"
Technical Marketing Engineer,"$123,920 / year"
Talent Acquisition Manager,"$114,768 / year"
Technical Enterprise Account Executive,"$129,362 / year"
Tax Analyst,"$104,248 / year"
Technical Program Manager,"$135,257 / year"
Test Engineer,"$120,589 / year"
Transportation Engineering Project Manager,"$118,567 / year"
Technical ART Director,"$143,768 / year"
Targeting Analyst,"$121,139 / year"
Technical Support Manager,"$126,585 / year"
Technical Account Manager,"$123,138 / year"
Technical Lead,"$134,755 / year"
Technical Specialist,"$112,156 / year"
Technical Trainer,"$106,711 / year"
Technology Sales Representative,"$123,756 / year"
Technical Artist/Designer,"$125,190 / year"
Trial Attorney,"$136,635 / year"
Unit Manager,"$121,279 / year"
Unit Director,"$134,964 / year"
Underwriter,"$112,472 / year"
Urgent Care Physician,"$117,044 / year"
UX Design Manager,"$138,825 / year"
Urban Planner,"$108,312 / year"
Unit Manager Director,"$112,406 / year"
UX Researcher,"$134,360 / year"
Underwriting Counsel,"$115,884 / year"
UX Architect,"$118,000 / year"
Urologist,"$175,048 / year"
UX Designer,"$112,704 / year"
Unix System Administrator,"$106,794 / year"
Underwriting Manager,"$131,939 / year"
Utilization Manager,"$112,242 / year"
"Vice President, Program Management","$145,219 / year"
"Vice President, Enterprise Sales","$168,307 / year"
Visual Designer,"$115,224 / year"
"Vice President, Sales","$186,309 / year"
"Vice President, Safety","$137,347 / year"
"Vice President, User Experience","$160,237 / year"
Vascular Surgeon,"$187,868 / year"
"Vice President, Tax","$197,485 / year"
Vice President Of Business Development,"$180,340 / year"
"Vice President, Design","$149,863 / year"
"Vice President, Sales Operations","$165,278 / year"
Vice President,"$199,529 / year"
"Vice President, Internal Audit","$158,719 / year"
"Vice President, Analytics","$150,128 / year"
"Vice President, Data Science","$152,202 / year"
"Vice President, Engineering","$189,402 / year"
"Vice President, Financial Planning & Analysis","$146,484 / year"
"Vice President, Marketing","$176,807 / year"
"Vice President, Professional Services","$144,418 / year"
"Vice President, Investor Relations","$152,971 / year"
"Vice President, Talent Acquisition","$157,183 / year"
"Vice President, Digital Marketing","$146,044 / year"
"Vice President, Corporate Communications","$161,726 / year"
"Vice President, Account Director","$170,802 / year"
"Vice President, Information Technology","$173,818 / year"
"Vice President, Procurement","$151,138 / year"
"Vice President, Software Engineering","$173,944 / year"
"Vice President, Digital Strategy","$158,483 / year"
"Vice President, Information Security","$157,372 / year"
"Vice President, Product Marketing","$179,626 / year"
"Vice President, Customer Success","$167,176 / year"
"Vice President, Operations","$158,488 / year"
"Vice President, Strategic Partnerships","$149,341 / year"
"Vice President, Business Development","$164,704 / year"
"Vice President, Supply Chain","$160,435 / year"
"Vice President, Commercial Banking","$140,791 / year"
"Vice President, Sales And Marketing","$166,190 / year"
"Vice President, Clinical Operations","$149,006 / year"
"Vice President, Account Management","$137,348 / year"
"Vice President, People","$142,968 / year"
"VP, Solutions Development (Automotive)","$152,142 / year"
"Vice President, Quality","$156,362 / year"
Videographer,"$85,520 / year"
"Vice President, Organizational Development","$158,275 / year"
"Vice President, Technology","$173,636 / year"
"Vice President, Content","$139,310 / year"
"Vice President, Controller","$157,284 / year"
"Vice President, Total Rewards","$182,624 / year"
"Vice President, Client Services","$139,489 / year"
"Vice President, HR","$173,669 / year"
"Vice President, Private Banking","$158,983 / year"
"Vice President, Compliance","$148,832 / year"
"Vice President, Relationship Manager","$156,357 / year"
"Vice President, Research","$155,412 / year"
"Vice President, Risk Management","$145,986 / year"
"Vice President, Recruiting","$163,513 / year"
"Vice President, Strategic Accounts","$159,643 / year"
"Vice President, Banking","$143,978 / year"
"Vice President, Legal","$180,074 / year"
Validation Engineer,"$125,524 / year"
"Vice President, Financial Advisor","$153,098 / year"
Virtualization Engineer,"$121,394 / year"
"Vice President, Demand Generation","$127,494 / year"
"Vice President, Corporate Counsel","$170,990 / year"
Veterinary Pharmaceutical Sales Representative,"$107,280 / year"
"Vice President, Software Development","$168,387 / year"
"Vice President, Financial Consultant","$117,505 / year"
"Vice President, Product Management","$163,470 / year"
"Vice President, Relationship Banking Manager","$119,570 / year"
"Vice President, Human Resources","$172,910 / year"
"Vice President, Brand Marketing","$164,318 / year"
"Vice President, Inside Sales","$162,265 / year"
"Vice President, Finance","$158,239 / year"
"Vice President, Growth","$144,013 / year"
"Vice President, Corporate Development","$147,390 / year"
"Vice President, Real Estate","$138,564 / year"
"Vice President, Communications","$173,034 / year"
Verification Engineer,"$130,717 / year"
Vendor Manager,"$116,576 / year"
Value Stream Manager,"$144,697 / year"
Veterinarian,"$106,119 / year"
VP IT,"$173,131 / year"
Web Manager,"$130,625 / year"
Web Director,"$146,057 / year"
Writer,"$99,887 / year"
Wastewater Engineering Project Manager,"$124,796 / year"
Web Development Manager,"$129,281 / year"
Webmaster,"$99,965 / year"
Windows Systems Engineer,"$120,257 / year"
Wellness Director,"$107,819 / year"
Web Application Engineer,"$117,973 / year"
Workday Payroll Analyst,"$127,634 / year"
Web Analytics Consultant,"$112,434 / year"
Wealth Management Advisor,"$132,606 / year"
Water Resources Engineer,"$123,862 / year"
Wastewater Engineer,"$117,556 / year"
Windows Server Administrator,"$105,616 / year"
Web Designer,"$106,098 / year"
Web UI Engineer,"$118,411 / year"
Wealth Management Consultant,"$128,734 / year"
Web Engineer,"$117,949 / year"
Warehouse Manager,"$94,181 / year"
Wastewater Project Manager,"$113,275 / year"
Windows System Administrator,"$113,098 / year"
